Date,Hash,Filename,Result
2023-12-05 11:38:52.136486,010daea75d74c27a7991cbadc8195eeac6605269,VirusShare_0172021f5d19893c3df8d0ed4188e5cc,/home/user/virus_test_eset/flask_server/virus/VirusShare_0172021f5d19893c3df8d0ed4188e5cc: 1: Syntax error: word unexpected (expecting \")\")
2023-12-05 11:39:24.058451,b2d8cacc1b18117cd33780065ad46cb94d0ea2f5,VirusShare_018d04d0f2b8810348a2f93844197b16,/home/user/virus_test_eset/flask_server/virus/VirusShare_018d04d0f2b8810348a2f93844197b16: 1: Syntax error: word unexpected (expecting \")\")
2023-12-05 11:39:57.098521,0c03e2a40b313c2047ade8312beac28bd27dce6b,VirusShare_0192a0865465dd3be7984cf3735b8ee4,/home/user/virus_test_eset/flask_server/virus/VirusShare_0192a0865465dd3be7984cf3735b8ee4: 1: Syntax error: word unexpected (expecting \")\")
2023-12-05 11:40:31.543604,955c4896f01503ace34b323274853c7959e196ad,VirusShare_02f4e9f89c3b0cc50797b052d98dc4fd,/home/user/virus_test_eset/flask_server/virus/VirusShare_02f4e9f89c3b0cc50797b052d98dc4fd: 1: Syntax error: word unexpected (expecting \")\")
2023-12-05 11:41:04.396865,304217529b8af1ef7c2bbdd4e1b3daccc83e61ba,VirusShare_03b2379ba8eb19bf86f3bf4cc9ce1ff4,/home/user/virus_test_eset/flask_server/virus/VirusShare_03b2379ba8eb19bf86f3bf4cc9ce1ff4: 1: Syntax error: word unexpected (expecting \")\")
2023-12-05 11:41:34.528406,3bf518558d3271ec957f2df35121c326be42577b,VirusShare_03ee7961fda3fba46a3555f127112b9b,/home/user/virus_test_eset/flask_server/virus/VirusShare_03ee7961fda3fba46a3555f127112b9b: 1: Syntax error: \"(\" unexpected
2023-12-05 11:42:09.676964,8ea8bf86bf3761898ad2ed17e23c60be9bd47d3c,VirusShare_04cfc98899e80e3eb1c57bf35b650a81,/home/user/virus_test_eset/flask_server/virus/VirusShare_04cfc98899e80e3eb1c57bf35b650a81: 1: Syntax error: word unexpected (expecting \")\")
2023-12-05 11:43:15.065903,3d6712cce6ed27c96d44738d16b6831121f35022,VirusShare_0558da0c2160a71b1b598173e8f10caf,/home/user/virus_test_eset/flask_server/virus/VirusShare_0558da0c2160a71b1b598173e8f10caf: 1: Syntax error: word unexpected (expecting \")\")
2023-12-05 11:43:43.398325,62173faf21aef4fd622672cfd46727f136bdd099,VirusShare_07c219c121c03c42122c181e0c5c6723,/home/user/virus_test_eset/flask_server/virus/VirusShare_07c219c121c03c42122c181e0c5c6723: 1: Syntax error: word unexpected (expecting \")\")
2023-12-05 11:44:19.037025,ce8bf3e219791243a14f55ae497a381038f22b07,VirusShare_07e17870c523237a6fc7d65ab7407f8a,
2023-12-05 11:44:54.986103,710604b5286391f26874c11a7ca88562ff558d02,VirusShare_089a676abcdcaa22c95b0d268b3b00c5,/home/user/virus_test_eset/flask_server/virus/VirusShare_089a676abcdcaa22c95b0d268b3b00c5: 1: Syntax error: word unexpected (expecting \")\")
2023-12-05 11:45:23.829868,5cdcb7480af06df7625386d5a572f6285b4c51b5,VirusShare_0aba38784942d61da3daf3bd9bc5a540,/home/user/virus_test_eset/flask_server/virus/VirusShare_0aba38784942d61da3daf3bd9bc5a540: 1: Syntax error: \"(\" unexpected
2023-12-05 11:45:57.679899,3515ca695f7e38e69189848bd6518d5ba2d6978b,VirusShare_0b2c60dbfa2ec1fabe686830afc9c6d4,/home/user/virus_test_eset/flask_server/virus/VirusShare_0b2c60dbfa2ec1fabe686830afc9c6d4: 1: Syntax error: \"(\" unexpected
2023-12-05 11:46:28.481143,06d34275e354c9bcb506200b546d043b7bbd58c0,VirusShare_0ba260c38620c161dead56da3cd9d863,/home/user/virus_test_eset/flask_server/virus/VirusShare_0ba260c38620c161dead56da3cd9d863: 1: Syntax error: word unexpected (expecting \")\")
2023-12-05 11:47:04.921131,c2bcf57c6a55a210e0e2e67c9c5686ac2c11d27f,VirusShare_0bd8fa2b3590ddd362c7dcf47cd725c5,/home/user/virus_test_eset/flask_server/virus/VirusShare_0bd8fa2b3590ddd362c7dcf47cd725c5: 14: Syntax error: EOF in backquote substitution
2023-12-05 11:47:41.664563,327662d1f5f6625ebcc867427680c0592195179e,VirusShare_0be54d2d5fa1fbbe2969b0e1ab052a16,
2023-12-05 11:48:17.439927,5f387a759e9b92aaa63bb6f7dda85f80db3c63cb,VirusShare_0bfe0c18e975b594a0cb35d7dc6af835,
2023-12-05 11:48:58.736582,aa8e58002c4a8a1240d03d56b8f901c38024eee9,VirusShare_0c0d38826bb592967cf19ed6dd5b00ee,/home/user/virus_test_eset/flask_server/virus/VirusShare_0c0d38826bb592967cf19ed6dd5b00ee: 14: Syntax error: EOF in backquote substitution
2023-12-05 11:49:29.675286,50a2b3f23b20077a2dc8f8686789f9c66ea9c25e,VirusShare_0c13e290d5851e5c5b3baeb79744faa6,/home/user/virus_test_eset/flask_server/virus/VirusShare_0c13e290d5851e5c5b3baeb79744faa6: 1: Syntax error: word unexpected (expecting \")\")
2023-12-05 11:50:03.878682,cbfbb0d986a3155b54569e7f8c4ada5d5ca2e1b9,VirusShare_0c62282c0e679ba4cced23797ce200e3,/home/user/virus_test_eset/flask_server/virus/VirusShare_0c62282c0e679ba4cced23797ce200e3: 1: Syntax error: word unexpected (expecting \")\")
2023-12-05 11:50:42.023585,0a074e4291bab50a440f689f5a6eac9cf2522564,VirusShare_0cbde4e1edcce46dc339014c21377510,/home/user/virus_test_eset/flask_server/virus/VirusShare_0cbde4e1edcce46dc339014c21377510: 1: Syntax error: word unexpected (expecting \")\")
2023-12-05 11:51:18.005999,f341bf0775acd67c58983615ad7a538e4caf7b6f,VirusShare_0cd759d5428167a102e87532a81d2452,/home/user/virus_test_eset/flask_server/virus/VirusShare_0cd759d5428167a102e87532a81d2452: 1: Syntax error: word unexpected (expecting \")\")
2023-12-05 11:51:48.733781,0eab1c365322bbecfbe94786237df9908da360e7,VirusShare_0d2aea99d8ab9bbdeff61973abbd578e,/home/user/virus_test_eset/flask_server/virus/VirusShare_0d2aea99d8ab9bbdeff61973abbd578e: 1: Syntax error: \"(\" unexpected
2023-12-05 11:52:18.616370,1231e963c68fcf8380964edbd192ed884902efdc,VirusShare_0d3f11905577dd224cb6df243754c2ec,/home/user/virus_test_eset/flask_server/virus/VirusShare_0d3f11905577dd224cb6df243754c2ec: 1: Syntax error: \"(\" unexpected
2023-12-05 11:52:56.599506,0986b89a6428a49f4981bf7be0896eff86097dfb,VirusShare_0e490eeb8e9d93aa87f992e133384670,/home/user/virus_test_eset/flask_server/virus/VirusShare_0e490eeb8e9d93aa87f992e133384670: 1: Syntax error: \"(\" unexpected
2023-12-05 11:53:31.040047,351efcbf48423037c51486e6d8fee7a97f00b96a,VirusShare_0efa301ff196f70ae4acabd25ed067a3,/home/user/virus_test_eset/flask_server/virus/VirusShare_0efa301ff196f70ae4acabd25ed067a3: 1: Syntax error: word unexpected (expecting \")\")
2023-12-05 11:54:06.080914,1c4a5de36bb89cb299e0bb373d396842f1e7df04,VirusShare_0f255f6366ffd553b04ea03f9d5fb07a,/home/user/virus_test_eset/flask_server/virus/VirusShare_0f255f6366ffd553b04ea03f9d5fb07a: 1: Syntax error: \"(\" unexpected
2023-12-05 11:54:42.614889,046ac46cf48165ab5375339236b6ab2d8b2e0888,VirusShare_0f4899b7000b94f8493bbdac90755309,/home/user/virus_test_eset/flask_server/virus/VirusShare_0f4899b7000b94f8493bbdac90755309: 1: Syntax error: word unexpected (expecting \")\")
2023-12-05 11:55:18.720180,24a2a97b8e3b8a85aa2d226c1c41842d8003d9f1,VirusShare_0f4b42c5b3d6d1c5b5fad1bf1af4c67d,
2023-12-05 11:57:54.541211,a01c6102e05d7949d4201a0bd1532f63a1b1c007,VirusShare_0f4cbe8f626a16186b8037b737251ad4,TIME EXCEEDED
2023-12-05 11:58:31.855279,819852b07e714a0097379efb2110eade99e883c8,VirusShare_0fc61e778f6429ec0f728423e44fb635,/home/user/virus_test_eset/flask_server/virus/VirusShare_0fc61e778f6429ec0f728423e44fb635: 1: Syntax error: word unexpected (expecting \")\")
2023-12-05 11:59:09.876966,d8b519dd692daf06617ab42e05e1e605609ce92e,VirusShare_102899fabf64faf4e747033b0fa8303a,
2023-12-05 11:59:46.193567,902ac3208b2c4c054e235d2260691cd0aa1223b8,VirusShare_102ba83b647209f71aafe2bdc969d9b2,/home/user/virus_test_eset/flask_server/virus/VirusShare_102ba83b647209f71aafe2bdc969d9b2: 1: Syntax error: word unexpected (expecting \")\")
2023-12-05 12:00:22.997099,243b4e7e28016626d847dc5480e76f36b751d884,VirusShare_106e617e3921542f42c59223f7bcab58,/home/user/virus_test_eset/flask_server/virus/VirusShare_106e617e3921542f42c59223f7bcab58: 1: Syntax error: \"(\" unexpected
2023-12-05 12:01:05.990476,f49d37312e3002cb4dbe480e1fb7bfc7d50ea02b,VirusShare_1094b5c3fcfeb6492e7d25bda6fe84cb,VBoxManage: error: Waiting for guest process (flags 0x1) failed: No such file or directory \"/home/user/virus_test_eset/flask_server/virus/VirusShare_1094b5c3fcfeb6492e7d25bda6fe84cb\" on guest\
2023-12-05 12:01:46.411216,0c7fd13f563e19b08813d2a6f1968b8ca27e4195,VirusShare_10d928d44792b3374825b54f9279e7c6,/home/user/virus_test_eset/flask_server/virus/VirusShare_10d928d44792b3374825b54f9279e7c6: 14: Syntax error: EOF in backquote substitution
2023-12-05 12:02:23.898720,c24deb4713c765188979765be5aadcd7081b674b,VirusShare_118acc9eef9585d804a68109a877d0ea,/home/user/virus_test_eset/flask_server/virus/VirusShare_118acc9eef9585d804a68109a877d0ea: 1: Syntax error: word unexpected (expecting \")\")
2023-12-05 12:03:00.960179,88e091a86332f4a0197f0ac8b3b39f6c0ed25b62,VirusShare_11e0d19bbdb3bd057ed80b5ffb52d07f,/home/user/virus_test_eset/flask_server/virus/VirusShare_11e0d19bbdb3bd057ed80b5ffb52d07f: 1: Syntax error: word unexpected (expecting \")\")
2023-12-05 12:03:33.962780,3db38642a062ed261c77ddfdbd52218e368948ea,VirusShare_1223894f1331fdab269d18d42f7e91da,/home/user/virus_test_eset/flask_server/virus/VirusShare_1223894f1331fdab269d18d42f7e91da: 1: Syntax error: word unexpected (expecting \")\")
2023-12-05 12:04:12.021922,995707b0d844103bfbb5eca6fab9b5a50b855dfd,VirusShare_123dfe79846e600a8336cd14fe647d5c,/home/user/virus_test_eset/flask_server/virus/VirusShare_123dfe79846e600a8336cd14fe647d5c: 1: Syntax error: \"(\" unexpected
2023-12-05 12:04:45.285128,f300b9b33d6de6c5baae42b1ce283ebec10cb6da,VirusShare_1244aebdb43246edec6ee54f420985aa,/home/user/virus_test_eset/flask_server/virus/VirusShare_1244aebdb43246edec6ee54f420985aa: 1: Syntax error: word unexpected (expecting \")\")
2023-12-05 12:05:14.357902,bf689b263afaf34aa0af8303bdfe5e18fdbcb4ae,VirusShare_12c92784baed75ab1b7a7e7aceef9a37,/home/user/virus_test_eset/flask_server/virus/VirusShare_12c92784baed75ab1b7a7e7aceef9a37: 1: Syntax error: word unexpected (expecting \")\")
2023-12-05 12:05:46.344519,9ec1766586c0a6683fb4ed8d3b85fa1d587a7914,VirusShare_13163a8ba292463f07dcfeb5c4ac342b,/home/user/virus_test_eset/flask_server/virus/VirusShare_13163a8ba292463f07dcfeb5c4ac342b: 1: Syntax error: word unexpected (expecting \")\")
2023-12-05 12:06:18.114668,a3fa2a2d81be4fbf1b7b4392ea518d0b6f5d409e,VirusShare_131c1007e660515a2e19f1ab4b6348d5,/home/user/virus_test_eset/flask_server/virus/VirusShare_131c1007e660515a2e19f1ab4b6348d5: 1: Syntax error: word unexpected (expecting \")\")
2023-12-05 12:08:53.132238,404395cf309370143c33ae5b9afdb50323c72f08,VirusShare_13d48236316a667439a79aa595ba55a4,TIME EXCEEDED
2023-12-05 12:09:30.117096,cb67542ec0ac12901be7b6b664dd62cde77616e9,VirusShare_13e76acbda8dc32d83ca6c299663593e,/home/user/virus_test_eset/flask_server/virus/VirusShare_13e76acbda8dc32d83ca6c299663593e: 1: Syntax error: word unexpected (expecting \")\")
2023-12-05 12:10:09.544653,6bcb7750db87720fa94846459b7e97dd6a8c675c,VirusShare_13f39ddfbf3cb768f3c78ae0dd92cfb6,VBoxManage: error: Waiting for guest process (flags 0x1) failed: Error VERR_NOT_IMPLEMENTED for guest process \"/home/user/virus_test_eset/flask_server/virus/VirusShare_13f39ddfbf3cb768f3c78ae0dd92cfb6\" occurred\
2023-12-05 12:10:46.299576,de9af41ca49bfae57870e770a6db1d43a1dedc47,VirusShare_13f47d732026a49a6d5e856c233c7f48,VBoxManage: error: Waiting for guest process (flags 0x1) failed: No such file or directory \"/home/user/virus_test_eset/flask_server/virus/VirusShare_13f47d732026a49a6d5e856c233c7f48\" on guest\
2023-12-05 12:11:21.446506,6363773a44f61feb3e155af3e9da363bc15992c8,VirusShare_13f9e98921c328722cde17e2fe9114cf,/home/user/virus_test_eset/flask_server/virus/VirusShare_13f9e98921c328722cde17e2fe9114cf: 1: Syntax error: word unexpected (expecting \")\")
2023-12-05 12:11:58.168533,cf352e1c720ff08aae599b5a3b0b41bd0aa15466,VirusShare_13fd74002ba6524963e22e362997a57b,
2023-12-05 12:12:33.105847,12f4fd2682b9290def2b82faff192cd3387e2d17,VirusShare_142cbd80435045fa63c25b4067e94bd3,/home/user/virus_test_eset/flask_server/virus/VirusShare_142cbd80435045fa63c25b4067e94bd3: 14: Syntax error: EOF in backquote substitution
2023-12-05 12:13:07.046330,f5c3729f158a79f7dd51cad7037a073436089c94,VirusShare_15075bddee773685054f45d615d22d9e,unable to open /home/user/virus_test_eset/flask_server/virus/config.json: no such file or directory\
2023-12-05 12:13:38.754795,a22b6a322822fb2d6bc3b924fd25ad08f89fb753,VirusShare_151cdf1212467a87d6af32bed3f4e2c8,/home/user/virus_test_eset/flask_server/virus/VirusShare_151cdf1212467a87d6af32bed3f4e2c8: 1: Syntax error: \"(\" unexpected
2023-12-05 12:14:10.890119,556cd68adf10ff7af263b45c5ebc1eff00c1052b,VirusShare_156e164b27d17efdb5cb35f7ec631d30,/home/user/virus_test_eset/flask_server/virus/VirusShare_156e164b27d17efdb5cb35f7ec631d30: 14: Syntax error: EOF in backquote substitution
2023-12-05 12:14:48.019004,83fff8053599519ebb5a8bd73d4e80a640ba71af,VirusShare_15a06dd80757864b98d119955c102813,/home/user/virus_test_eset/flask_server/virus/VirusShare_15a06dd80757864b98d119955c102813: 1: Syntax error: \"(\" unexpected
2023-12-05 12:15:22.837507,68b36ce381499aee1edc24866ac3b68eb7ca5845,VirusShare_15bed0046bf4c8e941e3f28738681f02,/home/user/virus_test_eset/flask_server/virus/VirusShare_15bed0046bf4c8e941e3f28738681f02: 1: Syntax error: \"(\" unexpected
2023-12-05 12:15:52.175284,b6b61039915097336cbf02775a01b7cb39dd1241,VirusShare_15c15738e1421dcdcb6baca01148e073,
2023-12-05 12:16:27.019378,7c5a95fa720434d939672b5185ce2f5794d916c4,VirusShare_16ca130fd01e09cee29dd7d4fc4a7d77,/home/user/virus_test_eset/flask_server/virus/VirusShare_16ca130fd01e09cee29dd7d4fc4a7d77: 14: Syntax error: EOF in backquote substitution
2023-12-05 12:17:02.184815,4c329580a74dcce732ae1f9dad582d84f718c1d4,VirusShare_1705a8fc8f0123362c1c99852269321c,/home/user/virus_test_eset/flask_server/virus/VirusShare_1705a8fc8f0123362c1c99852269321c: 14: Syntax error: EOF in backquote substitution
2023-12-05 12:17:34.086249,8860a6f05d6a5771c4a06a7515a08031c10d1f25,VirusShare_17589e76dd8611cb6029265c2fc52141,/home/user/virus_test_eset/flask_server/virus/VirusShare_17589e76dd8611cb6029265c2fc52141: 1: Syntax error: Unterminated quoted string
2023-12-05 12:18:10.241182,ddda26d5f7a26692572d877f8f27435123993438,VirusShare_182d9b211a7a299fe50abfcd8a10c103,/home/user/virus_test_eset/flask_server/virus/VirusShare_182d9b211a7a299fe50abfcd8a10c103: 1: 44: not found\
2023-12-05 12:18:44.565901,d7ec7e155a4244e9cb9389223125fee1f3f6b6ad,VirusShare_1a45fb5fbe07c456924d2da467b45a65,/home/user/virus_test_eset/flask_server/virus/VirusShare_1a45fb5fbe07c456924d2da467b45a65: 1: Syntax error: word unexpected (expecting \")\")
2023-12-05 12:19:17.415959,6c0a43996e623440f613d5ec1c35fbbd851e8e17,VirusShare_1a61e8005305de426eddaee4145061e3,/home/user/virus_test_eset/flask_server/virus/VirusShare_1a61e8005305de426eddaee4145061e3: 1: Syntax error: word unexpected (expecting \")\")
2023-12-05 12:19:51.050091,d2e66caf94214cccc1896edbcf7ed19e3e624c9a,VirusShare_1aef4a1a4b42a54171a9f248351c0a12,/home/user/virus_test_eset/flask_server/virus/VirusShare_1aef4a1a4b42a54171a9f248351c0a12: 1: Syntax error: word unexpected (expecting \")\")
2023-12-05 12:20:25.112542,9732cf3ea12a5f9f11f440ed25833c72a2212d44,VirusShare_1b37e247bb3afaef31cf4848e056ba0e,/home/user/virus_test_eset/flask_server/virus/VirusShare_1b37e247bb3afaef31cf4848e056ba0e: 1: Syntax error: word unexpected (expecting \")\")
2023-12-05 12:20:54.890133,339f314e955d75aefc600e3d1ae495933632f02d,VirusShare_1b41b1a979c41165716c0c844a2099ac,/home/user/virus_test_eset/flask_server/virus/VirusShare_1b41b1a979c41165716c0c844a2099ac: 1: Syntax error: word unexpected (expecting \")\")
2023-12-05 12:21:28.421443,a5d04ce8b4da2a2919646907b248f23e5571a53f,VirusShare_1b5cee0e882d6404fb75eb549d04e177,/home/user/virus_test_eset/flask_server/virus/VirusShare_1b5cee0e882d6404fb75eb549d04e177: 14: Syntax error: EOF in backquote substitution
2023-12-05 12:22:01.072547,f5324ffbb7d522e4a98af9ad4014f54b7e523dbe,VirusShare_1ba9dcca6a58b61e80303fb77a42e6d1,/home/user/virus_test_eset/flask_server/virus/VirusShare_1ba9dcca6a58b61e80303fb77a42e6d1: 1: Syntax error: word unexpected (expecting \")\")
2023-12-05 12:22:32.940783,53a8534dc52e4eae4aafacace02d26d0a5410e8a,VirusShare_1bd2c85238dc9b24c6fe31f4f8c1e249,/home/user/virus_test_eset/flask_server/virus/VirusShare_1bd2c85238dc9b24c6fe31f4f8c1e249: 1: Syntax error: word unexpected (expecting \")\")
2023-12-05 12:23:07.918743,a31546e8b29eb0a8d0114611e3decbc4662b875f,VirusShare_1bf04211231cb0218ce4516307e0796e,/home/user/virus_test_eset/flask_server/virus/VirusShare_1bf04211231cb0218ce4516307e0796e: 1: Syntax error: word unexpected (expecting \")\")
2023-12-05 12:23:42.247894,db1c93d69971d2f6e29ddba79b8c7861677135f6,VirusShare_1bfef300827d118fbe4307a082ce1683,/home/user/virus_test_eset/flask_server/virus/VirusShare_1bfef300827d118fbe4307a082ce1683: 1: Syntax error: word unexpected (expecting \")\")
2023-12-05 12:24:15.565925,c98bb5d84591b1899211c6c7c4fbeab205504ddf,VirusShare_1c49f52a7e9f2f43e22e9d47361b31e9,/home/user/virus_test_eset/flask_server/virus/VirusShare_1c49f52a7e9f2f43e22e9d47361b31e9: 1: Syntax error: word unexpected (expecting \")\")
2023-12-05 12:24:51.083356,772e7dd959458703d0adcd9e5ff830fbf5f643e2,VirusShare_1c8509336758744bc055f8d1b075a172,
2023-12-05 12:25:28.712442,eca59ec4b2b7f4f3a45c37dd1676f64f79441c3e,VirusShare_1c8740c423766b7d587877957b5d933f,/home/user/virus_test_eset/flask_server/virus/VirusShare_1c8740c423766b7d587877957b5d933f: 7: Syntax error: word unexpected (expecting \")\")
2023-12-05 12:26:04.091206,f823bae086726955fd56018fe910e55a3fd7efd7,VirusShare_1d08e1658deb62943efb095b7d45f165,/home/user/virus_test_eset/flask_server/virus/VirusShare_1d08e1658deb62943efb095b7d45f165: 1: Syntax error: word unexpected (expecting \")\")
2023-12-05 12:26:45.974771,b48aa81ac014a5a7f6e95e618e4f951ee12d34c3,VirusShare_1da618896802fdb4b6f17c92703424f4,
2023-12-05 12:27:24.272063,7d6009b56bad6f7017ab3ee4654414e8721d2eb4,VirusShare_1dfc85c26fe77f8e7686fb9ab27181b0,/home/user/virus_test_eset/flask_server/virus/VirusShare_1dfc85c26fe77f8e7686fb9ab27181b0: 1: Syntax error: word unexpected (expecting \")\")
2023-12-05 12:28:04.225337,bb5a27b3a6989434e57a866ba01b3c6084b32b18,VirusShare_1e8b451eadefedf567902f503ed887f2,/home/user/virus_test_eset/flask_server/virus/VirusShare_1e8b451eadefedf567902f503ed887f2: 1: Syntax error: word unexpected (expecting \")\")
2023-12-05 12:28:34.145588,caaccf669b5032444a6ecb045b1b57b8ba3389a4,VirusShare_1e8f77c894dd14fee309d885ce11a5b3,/home/user/virus_test_eset/flask_server/virus/VirusShare_1e8f77c894dd14fee309d885ce11a5b3: 1: Syntax error: \"(\" unexpected
2023-12-05 12:29:02.570134,d663632edf30b5d9e767a5ad872b1261a0fc99d9,VirusShare_1e9dc1afd0903e84663a4201f563ec74,
2023-12-05 12:29:33.395504,8b950fe31ff89c58da208de9b12b415e669f0336,VirusShare_1ec0976afd424b49148fd5b2e6dcf61d,/home/user/virus_test_eset/flask_server/virus/VirusShare_1ec0976afd424b49148fd5b2e6dcf61d: 1: Syntax error: word unexpected (expecting \")\")
2023-12-05 12:30:04.457950,0d5a1260033e9fe412f53e215d3d0b1ad74453a9,VirusShare_1ec39638e44b9d3554fc3ff526587013,/home/user/virus_test_eset/flask_server/virus/VirusShare_1ec39638e44b9d3554fc3ff526587013: 10: Syntax error: EOF in backquote substitution
2023-12-05 12:30:36.663261,760632044236fbb4d5ec4e006b12f6aa2adedebf,VirusShare_1ed0dbc16da500ee9cf5cf63fe0aabc5,/home/user/virus_test_eset/flask_server/virus/VirusShare_1ed0dbc16da500ee9cf5cf63fe0aabc5: 1: Syntax error: word unexpected (expecting \")\")
2023-12-05 12:31:15.096835,905e9308b965e63b1ae11085c1d9f5ddff7df283,VirusShare_1f06e9b22c46489e8784dffe70f31f99,/home/user/virus_test_eset/flask_server/virus/VirusShare_1f06e9b22c46489e8784dffe70f31f99: 14: Syntax error: EOF in backquote substitution
2023-12-05 12:31:51.854670,4125ea2967b000227038519c2b6fb92113eb6b10,VirusShare_1f5c2a78b11b3af74f8df9273a05f33d,/home/user/virus_test_eset/flask_server/virus/VirusShare_1f5c2a78b11b3af74f8df9273a05f33d: 1: Syntax error: word unexpected (expecting \")\")
2023-12-05 12:32:24.267609,4881a4c58e7f15cfcf6b351c47ddaaac4165c894,VirusShare_1f64b4f25e5ddd6b892eb68bc1677402,/home/user/virus_test_eset/flask_server/virus/VirusShare_1f64b4f25e5ddd6b892eb68bc1677402: 1: Syntax error: word unexpected (expecting \")\")
2023-12-05 12:32:59.198430,6ecce68101e3c8050bc60715533904aae1082873,VirusShare_1fd683f32c1565ec4a97b827630f2395,/home/user/virus_test_eset/flask_server/virus/VirusShare_1fd683f32c1565ec4a97b827630f2395: 1: Syntax error: word unexpected (expecting \")\")
2023-12-05 12:33:34.256086,93f829f260fd0cc5b7c73059c8f118d4f0f35214,VirusShare_1fe0d2e3bc4ceb43327a8be14e7a1180,/home/user/virus_test_eset/flask_server/virus/VirusShare_1fe0d2e3bc4ceb43327a8be14e7a1180: 1: Syntax error: word unexpected (expecting \")\")
2023-12-05 12:34:01.894795,683cd95310d7521948b771f14b52f2b3266fb8ba,VirusShare_1ff34b9ff7553043d5cacdf7296adb4a,/home/user/virus_test_eset/flask_server/virus/VirusShare_1ff34b9ff7553043d5cacdf7296adb4a: 1: Syntax error: word unexpected (expecting \")\")
2023-12-05 12:34:29.769870,fed02f2d34512d65e861b91cab0b7a3ae5a3cc33,VirusShare_1fff6db4b64318fd2d32298c12252867,/home/user/virus_test_eset/flask_server/virus/VirusShare_1fff6db4b64318fd2d32298c12252867: 1: Syntax error: word unexpected (expecting \")\")
2023-12-05 12:35:01.705608,72adc75f53da17af6f70831265e25d48cece20aa,VirusShare_2049c7e1e521c61db441042967350289,/home/user/virus_test_eset/flask_server/virus/VirusShare_2049c7e1e521c61db441042967350289: 1: Syntax error: word unexpected (expecting \")\")
2023-12-05 12:35:40.564369,84c7d311f2c9b8f33a1befe11d22f6f829c442f2,VirusShare_20f7ed9c3e6dda2a68fead2700927d74,
2023-12-05 12:36:14.413138,0e106ed247753fdaf2d093a0aa77d41408a3f5d2,VirusShare_22660b01742a52200aa1c37d7ebe6c10,/home/user/virus_test_eset/flask_server/virus/VirusShare_22660b01742a52200aa1c37d7ebe6c10: 1: Syntax error: \"(\" unexpected
2023-12-05 12:36:55.576817,f873ea89167f334dde117f341d3c00e590e22ba9,VirusShare_231765e624d80726b861fa7e62dc52da,
2023-12-05 12:37:34.989459,bf9c86240f1eb3e570143559901bb1e72cd524b8,VirusShare_2385f1e8e3d0ae86e74dbe7a30b4c4ab,/home/user/virus_test_eset/flask_server/virus/VirusShare_2385f1e8e3d0ae86e74dbe7a30b4c4ab: 1: Syntax error: word unexpected (expecting \")\")
2023-12-05 12:38:11.226000,b539fcb6ba445b488a0930a7cce241194fe01484,VirusShare_23980c5ffa2e130424d958a80cca419b,/home/user/virus_test_eset/flask_server/virus/VirusShare_23980c5ffa2e130424d958a80cca419b: 14: Syntax error: EOF in backquote substitution
2023-12-05 12:38:43.990364,5621ecc7b6b028a38ca943a03e215d1125a204db,VirusShare_240da0f91948a7db95a5fe5b982f56b8,/home/user/virus_test_eset/flask_server/virus/VirusShare_240da0f91948a7db95a5fe5b982f56b8: 1: Syntax error: word unexpected (expecting \")\")
2023-12-05 12:39:13.995951,7eb13b428d43e26d8000ad3ceb105d86cf2996ee,VirusShare_24e7d8489086128b16fc8b804f3013bd,/home/user/virus_test_eset/flask_server/virus/VirusShare_24e7d8489086128b16fc8b804f3013bd: 1: Syntax error: \"(\" unexpected
2023-12-05 12:39:46.533188,8204cb3110fc72bd0e68da37021e9d6c44902273,VirusShare_27fddfa47e7e06845365f1d888604487,/home/user/virus_test_eset/flask_server/virus/VirusShare_27fddfa47e7e06845365f1d888604487: 1: Syntax error: word unexpected (expecting \")\")
2023-12-05 12:40:21.282979,b2d6c435439b3896cc14ba3def3f98badbbbfb3d,VirusShare_28b1a4884d76db9193501200f0da869e,
2023-12-05 12:40:54.452052,197c260e26c8bfbe1140c5bae0ba599da224d76c,VirusShare_28cb64899b7f0eed12c71e262ea5ea7e,/home/user/virus_test_eset/flask_server/virus/VirusShare_28cb64899b7f0eed12c71e262ea5ea7e: 1: Syntax error: word unexpected (expecting \")\")
2023-12-05 12:41:34.674313,6407ea85e3d4b2e7b0a6638e98a71f4ece9ae63c,VirusShare_29093d395de2058174a1d2ba50aaaaf3,
2023-12-05 12:42:07.281732,414f5da8551bcc06d9e36907a3ad80948247f75b,VirusShare_2988f7a6853a6f56e176606af38a721d,/home/user/virus_test_eset/flask_server/virus/VirusShare_2988f7a6853a6f56e176606af38a721d: 1: Syntax error: word unexpected (expecting \")\")
2023-12-05 12:42:41.915177,0c57f15710df8ccaa685ceca5cf4ad12bf47fb5a,VirusShare_2a27f6595bf2321a4f9444b10986a42b,/home/user/virus_test_eset/flask_server/virus/VirusShare_2a27f6595bf2321a4f9444b10986a42b: 1: Syntax error: word unexpected (expecting \")\")
2023-12-05 12:43:16.776504,24d1644159a176f290ce6667c17cda8539ce47cb,VirusShare_2bc24a957eb40ba7a9e7d2aa728f4498,/home/user/virus_test_eset/flask_server/virus/VirusShare_2bc24a957eb40ba7a9e7d2aa728f4498: 1: Syntax error: word unexpected (expecting \")\")
2023-12-05 12:43:45.720356,282a18f5b8d774ed5a465fc0cf1d44dfb5b08c26,VirusShare_2f0532814f060d56050dde21003f67b4,VBoxManage: error: Waiting for guest process (flags 0x1) failed: Error VERR_NOT_IMPLEMENTED for guest process \"/home/user/virus_test_eset/flask_server/virus/VirusShare_2f0532814f060d56050dde21003f67b4\" occurred\
2023-12-05 12:44:18.202854,fbf72b7843e608a1840f2d300d17f80851342c7a,VirusShare_2f54c534a83666579b10dc57240127e6,/home/user/virus_test_eset/flask_server/virus/VirusShare_2f54c534a83666579b10dc57240127e6: 3: Syntax error: word unexpected (expecting \")\")
2023-12-05 12:44:50.566693,a306b94a20c84d31f40325d32902d48de67a4818,VirusShare_2f979b7ab6790f0636a92d66cabc3a51,/home/user/virus_test_eset/flask_server/virus/VirusShare_2f979b7ab6790f0636a92d66cabc3a51: 1: Syntax error: word unexpected (expecting \")\")
2023-12-06 10:44:51.520582,07d23da20b208665a4324e35041ffa03a5c2ae37,VirusShare_302b75bb069b25a22167499d38524049,
2023-12-06 10:45:30.341644,e0a8db2b57e78a035e7a19f91232ba44ce24434f,VirusShare_303992e45bfb71029b6029626d7c9d6d,/home/user/virus_test_eset/flask_server/virus/VirusShare_303992e45bfb71029b6029626d7c9d6d: 1: Syntax error: word unexpected (expecting \")\")
2023-12-06 10:46:06.174203,d0dfed495ec0b36bc06ada092478181eddc8eac8,VirusShare_3050cc2333da3257f921a898de22b868,/home/user/virus_test_eset/flask_server/virus/VirusShare_3050cc2333da3257f921a898de22b868: 1: Syntax error: word unexpected (expecting \")\")
2023-12-06 11:01:46.774568,163b6389f55fb3f6fe5074806b3cc676b837ee26,VirusShare_30d1f4782ed73e8f679e960d6d31bd85,/home/user/virus_test_eset/flask_server/virus/VirusShare_30d1f4782ed73e8f679e960d6d31bd85: 1: Syntax error: word unexpected (expecting \")\")
2023-12-06 11:02:24.395105,11b5743ab700e83d026f3a898851c6b28ee05982,VirusShare_30d71fe4811612e07a957abd7c299a49,/home/user/virus_test_eset/flask_server/virus/VirusShare_30d71fe4811612e07a957abd7c299a49: 4: Syntax error: word unexpected (expecting \")\")
2023-12-06 11:03:01.763581,829b3ec885f761a87abc22ec25a0a522a8ed7fe0,VirusShare_321213892b13cb70fb5e713b73f602b7,/home/user/virus_test_eset/flask_server/virus/VirusShare_321213892b13cb70fb5e713b73f602b7: 1: Syntax error: word unexpected (expecting \")\")
2023-12-06 11:03:42.135612,5d2c85e597fd862b49bbfef0bda38960988ae260,VirusShare_32a3a2b6cd6aefb145c52f3329de3683,
2023-12-06 11:04:19.631865,a068e64676b9cc7bc9543f060babac088b312cc2,VirusShare_33148d00b8d767688816079211c564d6,/home/user/virus_test_eset/flask_server/virus/VirusShare_33148d00b8d767688816079211c564d6: 1: Syntax error: word unexpected (expecting \")\")
2023-12-06 11:04:55.805871,bba89ce5c08740ec197fbbdf6d317b84de9c0116,VirusShare_3581e93e8b51b34bb5e46f3d635dcf3e,
2023-12-06 11:05:31.154078,53c31bec0d8fe9e6c768841b85c82ecc53f75b69,VirusShare_35859701d85cc06b28db36333821fcba,/home/user/virus_test_eset/flask_server/virus/VirusShare_35859701d85cc06b28db36333821fcba: 1: Syntax error: word unexpected (expecting \")\")
2023-12-06 11:06:10.966951,7176e9eaef19ab7f9b2b3e10fe67279705508914,VirusShare_36105edd380db642e173bb7ffc1afebd,
2023-12-06 11:06:51.414875,a0e815b986c7e5612d13bdade63ee5727eff8987,VirusShare_368dce19e01a4390c3170f67f9e8f0da,/home/user/virus_test_eset/flask_server/virus/VirusShare_368dce19e01a4390c3170f67f9e8f0da: 1: Syntax error: word unexpected (expecting \")\")
2023-12-06 11:07:33.115377,9200949617bc4038722a83efa2b41a6ccf4eff3b,VirusShare_37c5b2710a26e38be0d2e961fe0917dd,/home/user/virus_test_eset/flask_server/virus/VirusShare_37c5b2710a26e38be0d2e961fe0917dd: 1: Syntax error: \"(\" unexpected
2023-12-06 11:08:13.807098,ab6e1c6f5af51ba2da1a2bdc4bfc212168fcbe7c,VirusShare_37f2b04e8eccc455944c25997a9bd692,
2023-12-06 11:08:52.709516,597befb57156b85716895fbbab6c954dff6b87d4,VirusShare_394cf9af5d930cb636a326157e598253,
2023-12-06 11:09:29.192097,8a4f8b3d81c5f8cd810d53ccaf03b6fb3f32b3a9,VirusShare_39ba6530ec066a4cde01b3a0791f3810,/home/user/virus_test_eset/flask_server/virus/VirusShare_39ba6530ec066a4cde01b3a0791f3810: 1: Syntax error: word unexpected (expecting \")\")
2023-12-06 11:10:02.927501,46a65970314ee9e293e623fa658feb6cff71a1dc,VirusShare_39e2b7bfe6c55930ff8c6f4020156873,/home/user/virus_test_eset/flask_server/virus/VirusShare_39e2b7bfe6c55930ff8c6f4020156873: 1: Syntax error: word unexpected (expecting \")\")
2023-12-06 11:10:40.012350,0a52a79c90b207b6a60947eea04f42f657406c08,VirusShare_3a2b40cfd04dbe2b3d257f7a9c3f49da,/home/user/virus_test_eset/flask_server/virus/VirusShare_3a2b40cfd04dbe2b3d257f7a9c3f49da: 1: Syntax error: word unexpected (expecting \")\")
2023-12-06 11:11:20.697208,e3086e8a8a11fc32f3be5e13b03497bd0ed813dc,VirusShare_3a41cb1ffc3425a851791c40653c98c0,/home/user/virus_test_eset/flask_server/virus/VirusShare_3a41cb1ffc3425a851791c40653c98c0: 1: Syntax error: word unexpected (expecting \")\")
2023-12-06 11:11:59.015631,cac17cb0d9f3c0672fa49e349729df59b1c44b68,VirusShare_3be0990c4d33a845f50190ce630299d9,/home/user/virus_test_eset/flask_server/virus/VirusShare_3be0990c4d33a845f50190ce630299d9: 1: Syntax error: word unexpected (expecting \")\")
2023-12-06 11:12:37.178865,d391571657249c1fd0e5de823864b1a6283e0707,VirusShare_3d962cda405ba6b3b4c6880979f5691e,/home/user/virus_test_eset/flask_server/virus/VirusShare_3d962cda405ba6b3b4c6880979f5691e: 1: Syntax error: word unexpected (expecting \")\")
2023-12-06 11:15:14.400705,5ccf556ea5c8782e594e0499df6f903eb97ea228,VirusShare_3e9d991d0d55fe02428e191db4220639,TIME EXCEEDED
2023-12-06 11:15:50.428339,0a20b4d5809034caef8af467934025bf2d9a7e8f,VirusShare_3eb322e138d8e2bdde4d5d531df58619,/home/user/virus_test_eset/flask_server/virus/VirusShare_3eb322e138d8e2bdde4d5d531df58619: 1: Syntax error: word unexpected (expecting \")\")
2023-12-06 11:16:28.785539,d02ca2fe66418fd7ee1901153ddf7cac50edb411,VirusShare_3fda1ac03f46e7049e0b21fa115dfddc,
2023-12-06 11:17:06.561561,e93363c14fc953b2754f496bafff02a47ca780a7,VirusShare_407b2a0ed70a22ea5fb8d5e22871c21e,/home/user/virus_test_eset/flask_server/virus/VirusShare_407b2a0ed70a22ea5fb8d5e22871c21e: 1: Syntax error: word unexpected (expecting \")\")
2023-12-06 11:17:38.681930,157103f213249d70209bc853fac338523f5a03a8,VirusShare_409ff37622f9a6901bd96ecaf60136a7,unable to open /home/user/virus_test_eset/flask_server/virus/config.json: no such file or directory\ No pool URL supplied. Exiting.
2023-12-06 11:18:18.936354,6ff4c127a0e83608784a43c584acf12dc26b6654,VirusShare_4102f621ad27403fdf4dae21ab66aeb7,/home/user/virus_test_eset/flask_server/virus/VirusShare_4102f621ad27403fdf4dae21ab66aeb7: 1: Syntax error: word unexpected (expecting \")\")
2023-12-06 11:18:57.375757,5f05515407fafa1b4617bc84f0df60fa8b25f28c,VirusShare_41460c177d349c6607eb99e6f0b60384,/home/user/virus_test_eset/flask_server/virus/VirusShare_41460c177d349c6607eb99e6f0b60384: 1: Syntax error: word unexpected (expecting \")\")
2023-12-06 11:19:30.542371,ec73e524cb87a888b46eaebb02b9c209df2a2c4a,VirusShare_41daa83b2287a38698c95647c32b8070,/home/user/virus_test_eset/flask_server/virus/VirusShare_41daa83b2287a38698c95647c32b8070: 1: Syntax error: word unexpected (expecting \")\")
2023-12-06 11:20:08.106763,aaec0340ad9857ae3a1b6308f842fbb9b6715577,VirusShare_42595d800ffb364a2453ef8c5f0f13ac,/home/user/virus_test_eset/flask_server/virus/VirusShare_42595d800ffb364a2453ef8c5f0f13ac: 1: Syntax error: word unexpected (expecting \")\")
2023-12-06 11:20:45.733378,bc1a6302762fb34823717e4888419129e2a0bcbf,VirusShare_42f916f0270423595341df9196243b2a,/home/user/virus_test_eset/flask_server/virus/VirusShare_42f916f0270423595341df9196243b2a: 1: Syntax error: word unexpected (expecting \")\")
2023-12-06 11:21:23.652780,be2b9082c9ec98f242a0072dbb7fce868a28ec4f,VirusShare_42fdd0b47d0f81fbb65febc501f0a265,/home/user/virus_test_eset/flask_server/virus/VirusShare_42fdd0b47d0f81fbb65febc501f0a265: 1: Syntax error: word unexpected (expecting \")\")
2023-12-06 11:22:00.942514,a83a2480ba92be44ef149b1c7a32dc8775b918f9,VirusShare_43f3d39ff224878b407950f4f7efa979,/home/user/virus_test_eset/flask_server/virus/VirusShare_43f3d39ff224878b407950f4f7efa979: 1: Syntax error: word unexpected (expecting \")\")
2023-12-06 11:22:40.075498,47f5e48a016014b26f76d1290bd87b682a3a071d,VirusShare_444b4ad7091a227e0a7e322f6497c628,/home/user/virus_test_eset/flask_server/virus/VirusShare_444b4ad7091a227e0a7e322f6497c628: 1: Syntax error: word unexpected (expecting \")\")
2023-12-06 11:23:09.426690,a6bb28538895690109b456adca9fc31a224c7b89,VirusShare_44ae26220953767799f48cac7c02ea80,VBoxManage: error: Waiting for guest process (flags 0x1) failed: Error VERR_NOT_IMPLEMENTED for guest process \"/home/user/virus_test_eset/flask_server/virus/VirusShare_44ae26220953767799f48cac7c02ea80\" occurred\
2023-12-06 11:23:41.533906,fb91e88e48a3d81d1de00aeb8e5aa192e61d8c85,VirusShare_4553a8c48b5039bf70896d20a9a4e326,/home/user/virus_test_eset/flask_server/virus/VirusShare_4553a8c48b5039bf70896d20a9a4e326: 1: Syntax error: \"(\" unexpected
2023-12-06 11:24:12.037371,8a366c7a1d418db8b3eecc73b823b459bc1cd395,VirusShare_4562f70d24bb2592357f736c6129da2c,/home/user/virus_test_eset/flask_server/virus/VirusShare_4562f70d24bb2592357f736c6129da2c: 1: Syntax error: Unterminated quoted string
2023-12-06 11:24:49.864449,362f9594a7a5a271de0608b5bc63a603308163bd,VirusShare_45f81f60abbd38d8bbc8947de120a20b,/home/user/virus_test_eset/flask_server/virus/VirusShare_45f81f60abbd38d8bbc8947de120a20b: 1: Syntax error: word unexpected (expecting \")\")
2023-12-06 11:25:26.235671,61136a527b13530618cebedddee9048210f6bfbc,VirusShare_47ccfa415e12050d4834876d4408fd34,/home/user/virus_test_eset/flask_server/virus/VirusShare_47ccfa415e12050d4834876d4408fd34: 1: Syntax error: word unexpected (expecting \")\")
2023-12-06 11:26:00.252997,4bd9f7b092864dc3f5195bcb13962a71243ec35c,VirusShare_48423690c3727a93a686e2f89de6d7af,/home/user/virus_test_eset/flask_server/virus/VirusShare_48423690c3727a93a686e2f89de6d7af: 1: Syntax error: word unexpected (expecting \")\")
2023-12-06 11:26:31.343861,ac17d90ad710037f4c1f0201228bb20ff10bc237,VirusShare_48a9961ac6545d7e0a0f3078584ddb0e,/home/user/virus_test_eset/flask_server/virus/VirusShare_48a9961ac6545d7e0a0f3078584ddb0e: 14: Syntax error: EOF in backquote substitution
2023-12-06 11:27:08.273038,0edc89988c08bb701832255a535f5acd64a30baa,VirusShare_48c38401d72901f4b11a1a521615abe4,/home/user/virus_test_eset/flask_server/virus/VirusShare_48c38401d72901f4b11a1a521615abe4: 1: Syntax error: word unexpected (expecting \")\")
2023-12-06 11:27:45.570424,f80076ba3d7dd50b2b73eba8f7f881e65aadcbad,VirusShare_490602fb018f056df93d7a3ed75011d3,
2023-12-06 11:28:19.136601,bf5ae85c0a9ab2a0ec408cb71caa4073c03ac68c,VirusShare_497a3a73a6a7146458909da01e6ad80a,
2023-12-06 11:28:52.030137,d48d3c0f30ca2e476dd73bab76d05b04cf8f798b,VirusShare_4aaa29de6b50400b92231fd11ea2d214,/home/user/virus_test_eset/flask_server/virus/VirusShare_4aaa29de6b50400b92231fd11ea2d214: 1: Syntax error: word unexpected (expecting \")\")
2023-12-06 11:29:23.172721,a600ef5036af522e3d3137d7a7c80108cc2daac0,VirusShare_4b6157c1a29285404e462cd2eb762735,/home/user/virus_test_eset/flask_server/virus/VirusShare_4b6157c1a29285404e462cd2eb762735: 1: Syntax error: word unexpected (expecting \")\")
2023-12-06 11:29:53.441775,ac44bf1518927b4ba9c8c05ed863f7b06684ab72,VirusShare_4c6cd1f6f429a9cbe8712e1335a065cf,/home/user/virus_test_eset/flask_server/virus/VirusShare_4c6cd1f6f429a9cbe8712e1335a065cf: 1: Syntax error: word unexpected (expecting \")\")
2023-12-06 11:30:27.823530,3e478e52070ac82e0f3fa13a46cf1d1f75621cf5,VirusShare_4d25d979e8de6437050b4b5bc0831adb,/home/user/virus_test_eset/flask_server/virus/VirusShare_4d25d979e8de6437050b4b5bc0831adb: 1: Syntax error: word unexpected (expecting \")\")
2023-12-06 11:30:59.132817,f65466a53b080c088c27e08525d29af575d3ed9c,VirusShare_4da6b8f6ce53a1e6f19783a76eb44c51,
2023-12-06 11:33:35.607233,a8ed67d71078317010e0c5655faf05a19da7a39f,VirusShare_4e067d1bc23f5aa98e69dcea331a1d8d,TIME EXCEEDED
2023-12-06 11:34:23.783056,43888175d744e356175a2426c44f10de4aa1b949,VirusShare_4e8d6c19f169054e48c46436eb6069e6,/home/user/virus_test_eset/flask_server/virus/VirusShare_4e8d6c19f169054e48c46436eb6069e6: setting up environment ...\ Detected OS version: \"22.04.1 LTS (Jammy Jellyfish)\"\
2023-12-06 11:35:01.904505,a0b4e344d1b134b88822b4a87215f4f48a977583,VirusShare_4e9b89a618e755926424054b4d1a6953,/home/user/virus_test_eset/flask_server/virus/VirusShare_4e9b89a618e755926424054b4d1a6953: 1: Syntax error: \"(\" unexpected
2023-12-06 11:35:40.564144,08b287e34c1b01a1157bd2b850d635c1de057ba8,VirusShare_4ea6af6fa6ebb8bb6c51a6dde637c181,unable to open \"/home/user/virus_test_eset/flask_server/virus/config.json\".\
2023-12-06 11:36:16.129594,6a0a654e6a162c1400e967c8a03c860c3000286d,VirusShare_4f4f48628023499058a9baac6cc4a80c,/home/user/virus_test_eset/flask_server/virus/VirusShare_4f4f48628023499058a9baac6cc4a80c: 1: Syntax error: word unexpected (expecting \")\")
2023-12-06 11:36:55.051415,09dc7c8083772c39b0397496fd4dfd5345d32564,VirusShare_4ffdf3f15a82527675013127f3b11485,/home/user/virus_test_eset/flask_server/virus/VirusShare_4ffdf3f15a82527675013127f3b11485: 1: Syntax error: word unexpected (expecting \")\")
2023-12-06 11:37:32.406549,2d30731ca238d8aa4293ad720709153d4cf373a0,VirusShare_5131c117cca72ff6078fa56f7ca53e79,/home/user/virus_test_eset/flask_server/virus/VirusShare_5131c117cca72ff6078fa56f7ca53e79: 14: Syntax error: EOF in backquote substitution
2023-12-06 11:38:09.823319,2ac11e7ea2d94414734d9fbde273bb508f5fa962,VirusShare_5143eea18a60b1b02492db3e80973c6b,
2023-12-06 11:38:44.820000,f25e82a1482d52bcd03db54d841439748b153b4d,VirusShare_515c5a3e2a58126c2c9d37268af11413,/home/user/virus_test_eset/flask_server/virus/VirusShare_515c5a3e2a58126c2c9d37268af11413: 1: Syntax error: word unexpected (expecting \")\")
2023-12-06 11:39:18.928179,f2f58088718dcf36d362ad7db886e818a714836b,VirusShare_524ab5146bf99de05a419d6649ec2167,unable to open \"/home/user/virus_test_eset/flask_server/virus/config.json\".\
2023-12-06 11:39:55.622983,30e77aeb9bd1802ea3f74cad78f19234d66b3d41,VirusShare_527a9a9cc3db6f520f63699e5b400049,/home/user/virus_test_eset/flask_server/virus/VirusShare_527a9a9cc3db6f520f63699e5b400049: 1: Syntax error: word unexpected (expecting \")\")
2023-12-06 11:40:28.334678,e9e86d2fe6860c496f38cfa03c22673dac766e16,VirusShare_52c748513583aa573d3649f701db61b2,/home/user/virus_test_eset/flask_server/virus/VirusShare_52c748513583aa573d3649f701db61b2: error while loading shared libraries: libmicrohttpd.so.10: cannot open shared object file: No such file or directory
2023-12-06 11:41:08.278746,05a8e6372bedac981b93490a82b2e9926a13d134,VirusShare_534d35b6c65d31262fd30633ceae6ea6,/home/user/virus_test_eset/flask_server/virus/VirusShare_534d35b6c65d31262fd30633ceae6ea6: 1: Syntax error: word unexpected (expecting \")\")
2023-12-06 11:41:44.759311,b13139278551985318f69a55aeba8a7fe559165e,VirusShare_534eeb3d381eed654e9670ad363805ea,/home/user/virus_test_eset/flask_server/virus/VirusShare_534eeb3d381eed654e9670ad363805ea: 1: Syntax error: \"(\" unexpected
2023-12-06 11:42:22.450679,21444236dbf8bd180390bf5ca7940bbfe35e1161,VirusShare_53c73873d1382c9bf2ea51c7f876f861,/home/user/virus_test_eset/flask_server/virus/VirusShare_53c73873d1382c9bf2ea51c7f876f861: 1: Syntax error: word unexpected (expecting \")\")
2023-12-06 11:42:56.917370,df3f973be3e2e8100e9fd1143615e972b2ac8b55,VirusShare_547190547c3230ca204a0eadadd79678,/home/user/virus_test_eset/flask_server/virus/VirusShare_547190547c3230ca204a0eadadd79678: 1: Syntax error: word unexpected (expecting \")\")
2023-12-06 11:43:33.404330,c5558bdfad49d592ffb7a81b4ed45091e844f85a,VirusShare_5490ebba5b6b3bea4f8982ce96562d14,
2023-12-06 11:44:06.467180,40e2a1ed70e3e10727598d002fc54b3b377629e8,VirusShare_5644b5cd880401d12f15fc73acbe19d4,/home/user/virus_test_eset/flask_server/virus/VirusShare_5644b5cd880401d12f15fc73acbe19d4: 1: Syntax error: word unexpected (expecting \")\")
2023-12-06 11:44:40.458780,705f43f5feb57cd96617343c97eb9b47cf528a9a,VirusShare_565a9549e930c84553b97ccaa6ff09d2,/home/user/virus_test_eset/flask_server/virus/VirusShare_565a9549e930c84553b97ccaa6ff09d2: /lib/x86_64-linux-gnu/libcurl.so.4: version `CURL_OPENSSL_3' not found (required by /home/user/virus_test_eset/flask_server/virus/VirusShare_565a9549e930c84553b97ccaa6ff09d2)
2023-12-06 11:45:10.620736,a3999ef7d17648c439733114f04c0d6dc5e5e487,VirusShare_565f566e49b81c75ba168a0e6e095ba7,/home/user/virus_test_eset/flask_server/virus/VirusShare_565f566e49b81c75ba168a0e6e095ba7: 1: Syntax error: word unexpected (expecting \")\")
2023-12-06 11:45:45.156153,bb2bcad490f45ff5a5379ef44c6cebb6a7ba6cb0,VirusShare_58034410c651771f0ea071282d7b423e,/home/user/virus_test_eset/flask_server/virus/VirusShare_58034410c651771f0ea071282d7b423e: 1: Syntax error: word unexpected (expecting \")\")
2023-12-06 11:46:23.955266,076f9bde7fa8cb6bae5d18eee88a347bfc09cd33,VirusShare_580474c499526b04ed3d5251c11ac348,/home/user/virus_test_eset/flask_server/virus/VirusShare_580474c499526b04ed3d5251c11ac348: 1: Syntax error: word unexpected (expecting \")\")
2023-12-06 11:47:00.769040,4496fe95507296c34ffa75d56deeeb8505b17e06,VirusShare_589d14b604f6f60c7154a91406dcb5ae,/home/user/virus_test_eset/flask_server/virus/VirusShare_589d14b604f6f60c7154a91406dcb5ae: 1: Syntax error: word unexpected (expecting \")\")
2023-12-06 11:47:38.199866,ad2ceab7d26e1ec3a20dc8af711b4cf3864ffbcc,VirusShare_59df7ca07ff86d5878026bc3576ab0a8,/home/user/virus_test_eset/flask_server/virus/VirusShare_59df7ca07ff86d5878026bc3576ab0a8: 1: Syntax error: word unexpected (expecting \")\")
2023-12-06 11:48:24.001414,8b1659b2c2544ed1fcb338c5c96196e18fcc63ea,VirusShare_5a52163946a2741c48b195da550c22fa,/home/user/virus_test_eset/flask_server/virus/VirusShare_5a52163946a2741c48b195da550c22fa: 1: Syntax error: word unexpected (expecting \")\")
2023-12-06 11:49:16.867473,522db1748608e9173547b29b7aa82ddc3542c534,VirusShare_5aea02f4e4c77fbf2e7a27f7ca9cc06b,
2023-12-06 11:49:52.802281,d95815b706d0efbfc9446fc1a68e2f1412476f51,VirusShare_5b34d2da227c8c7e115b98aa060472d4,/home/user/virus_test_eset/flask_server/virus/VirusShare_5b34d2da227c8c7e115b98aa060472d4: 1: Syntax error: word unexpected (expecting \")\")
2023-12-06 11:50:31.716341,2e5abf811ce8e9e9773274b14e4c6ec019698799,VirusShare_5c591d48eb98ebc1d411f3e886d27d3c,/home/user/virus_test_eset/flask_server/virus/VirusShare_5c591d48eb98ebc1d411f3e886d27d3c: 1: Syntax error: Unterminated quoted string
2023-12-06 11:51:08.351103,252379ab15236bc53d1a67b95572a5c651350fed,VirusShare_5c91e36120aacc9785c99b46a438c2dc,/home/user/virus_test_eset/flask_server/virus/VirusShare_5c91e36120aacc9785c99b46a438c2dc: 1: Syntax error: \"(\" unexpected
2023-12-06 11:51:48.777837,32d2197102e7011b8427ce667e86e810b798f9f8,VirusShare_5d5ce00e0b931662e95c1fd2fbafc978,
2023-12-06 11:52:27.458548,0e178f50971129b51568588f1bb49589ea3e4868,VirusShare_5e7929dd34fec937819eb52404bd4cf7,/home/user/virus_test_eset/flask_server/virus/VirusShare_5e7929dd34fec937819eb52404bd4cf7: 1: Syntax error: word unexpected (expecting \")\")
2023-12-06 11:53:02.647141,71cbe201f82f57155bb80bb457387ae11ef83214,VirusShare_5e7b618fe211276e76f63337ef0889aa,/home/user/virus_test_eset/flask_server/virus/VirusShare_5e7b618fe211276e76f63337ef0889aa: 1: Syntax error: word unexpected (expecting \")\")
2023-12-06 11:53:38.658634,c2fa830ae8912354d7f795afe403c66dd1228198,VirusShare_5ea20b711ab324a56951df8dbf501703,/home/user/virus_test_eset/flask_server/virus/VirusShare_5ea20b711ab324a56951df8dbf501703: 1: Syntax error: word unexpected (expecting \")\")
2023-12-06 11:54:18.204808,fd44e99de2c4d8d91922b24a169ca286f892d748,VirusShare_5ee01c0b5070b45fc223497746e62f4b,/home/user/virus_test_eset/flask_server/virus/VirusShare_5ee01c0b5070b45fc223497746e62f4b: 1: Syntax error: word unexpected (expecting \")\")
2023-12-06 11:54:58.211784,094bba8b2d04705002fbdb3868069e445abd3eb8,VirusShare_5f307ac099e7098f3b24ece641b3aa54,/home/user/virus_test_eset/flask_server/virus/VirusShare_5f307ac099e7098f3b24ece641b3aa54: 1: Syntax error: word unexpected (expecting \")\")
2023-12-06 11:55:35.259042,7e853823cea659caba0829222fea843ea40e38d3,VirusShare_5fc02f5f865199eb2860f55956c33ea9,/home/user/virus_test_eset/flask_server/virus/VirusShare_5fc02f5f865199eb2860f55956c33ea9: 1: Syntax error: word unexpected (expecting \")\")
2023-12-06 11:56:04.947872,d4290a5016ff2e35189766a8bb7a844acb09238d,VirusShare_5ffd01fd0334d02cc7a69fbf83739bbd,/home/user/virus_test_eset/flask_server/virus/VirusShare_5ffd01fd0334d02cc7a69fbf83739bbd: 1: Syntax error: word unexpected (expecting \")\")
2023-12-06 11:56:49.891877,fe3e081eb25eeb0a91a18a80ff2cc64dc0b4b8b2,VirusShare_60510e078607ac3626b837c60aabdc57,/home/user/virus_test_eset/flask_server/virus/VirusShare_60510e078607ac3626b837c60aabdc57: 1: Syntax error: word unexpected (expecting \")\")
2023-12-06 11:57:30.401275,7d84c959dc0c3f799981feaee66563fbe4fd23f9,VirusShare_60b85f662d1979f50c256c8188914c6c,/home/user/virus_test_eset/flask_server/virus/VirusShare_60b85f662d1979f50c256c8188914c6c: 1: Syntax error: word unexpected (expecting \")\")
2023-12-06 11:58:04.905468,f3c72811bcca0bb12b632b7281c6a89d5d1b9007,VirusShare_612fe66b426c32e037fae2f44e37ea9d,/home/user/virus_test_eset/flask_server/virus/VirusShare_612fe66b426c32e037fae2f44e37ea9d: 1: Syntax error: word unexpected (expecting \")\")
2023-12-06 11:58:45.007978,5b42a95c64274523b873140f27cf9ae703c7b472,VirusShare_6248ef3a5a19e4cd6f56cb968412d66c,
2023-12-06 11:59:21.705309,c9166af71c25228da01660b41b9979596e8d68ea,VirusShare_64bb392656f81be1ed224beb81450d9b,/home/user/virus_test_eset/flask_server/virus/VirusShare_64bb392656f81be1ed224beb81450d9b: 1: Syntax error: word unexpected (expecting \")\")
2023-12-06 11:59:58.233154,bd479f9d2787e07ec994408193cec382abeecb98,VirusShare_65e23ac99615057a52041f655a0087b2,/home/user/virus_test_eset/flask_server/virus/VirusShare_65e23ac99615057a52041f655a0087b2: 1: Syntax error: word unexpected (expecting \")\")
2023-12-06 12:00:35.941853,88e0e71d9b7c505ec2e050649a849b3fdcb040f0,VirusShare_671b4d38341e7b1f25fbce859992e1e4,/home/user/virus_test_eset/flask_server/virus/VirusShare_671b4d38341e7b1f25fbce859992e1e4: 1: Syntax error: word unexpected (expecting \")\")
2023-12-06 12:01:14.003248,3a0a4e3ce0fcb40861be17e895135889e8a57c95,VirusShare_6738dbf556454289d31abdb3fe8ebe79,/home/user/virus_test_eset/flask_server/virus/VirusShare_6738dbf556454289d31abdb3fe8ebe79: 14: Syntax error: EOF in backquote substitution
2023-12-06 12:01:52.144725,26c31a2aba8e3a89826b1e8a48f6f495acadae60,VirusShare_68132d95ebb840ff19dbcdcc125d3bd4,/home/user/virus_test_eset/flask_server/virus/VirusShare_68132d95ebb840ff19dbcdcc125d3bd4: 1: Syntax error: word unexpected (expecting \")\")
2023-12-06 12:02:29.041209,c1bd2329d7ed45cccfc72ed3359c512408a36e74,VirusShare_6847d6fe63c14119adaa0cca4117a660,/home/user/virus_test_eset/flask_server/virus/VirusShare_6847d6fe63c14119adaa0cca4117a660: 1: Syntax error: word unexpected (expecting \")\")
2023-12-06 12:03:06.162815,e769eab43258b0966f433c93a7d76111d8faaeee,VirusShare_68b42a35829fea474df0d45f95f28d45,/home/user/virus_test_eset/flask_server/virus/VirusShare_68b42a35829fea474df0d45f95f28d45: 1: Syntax error: word unexpected (expecting \")\")
2023-12-06 12:03:38.057789,fef72b7ccb5faca31ba2f23aeecb768406d0d833,VirusShare_699e4c5294677481d03a9b20e5dfbd16,/home/user/virus_test_eset/flask_server/virus/VirusShare_699e4c5294677481d03a9b20e5dfbd16: 1: Syntax error: word unexpected (expecting \")\")
2023-12-06 12:04:12.810571,e53356b1ac7a018d8d11f73a9a43fb4633b97041,VirusShare_69d70cbbd59671d81d6f2c2941eb3a34,/home/user/virus_test_eset/flask_server/virus/VirusShare_69d70cbbd59671d81d6f2c2941eb3a34: 1: Syntax error: word unexpected (expecting \")\")
2023-12-06 12:04:40.537819,887e82bf39ed1580dbbe62e179764ea73873b9db,VirusShare_6a83eea59d0d69fb6f43daabb2115d7f,/home/user/virus_test_eset/flask_server/virus/VirusShare_6a83eea59d0d69fb6f43daabb2115d7f: 1: Syntax error: word unexpected (expecting \")\")
2023-12-06 12:37:57.689428,bf3d706fe68fe3812b61347f6a2ace4dc83e7faf,VirusShare_6d6daccf2cb3b497cebe9b912507f0aa,/home/user/virus_test_eset/flask_server/virus/VirusShare_6d6daccf2cb3b497cebe9b912507f0aa: 1: Syntax error: word unexpected (expecting \")\")
2023-12-06 12:38:37.189866,9e5a00af42531ddeebe010a901bc4e11eaa646e8,VirusShare_6dba0ea67b3c00f8d9692ff5892e0001,/home/user/virus_test_eset/flask_server/virus/VirusShare_6dba0ea67b3c00f8d9692ff5892e0001: 1: Syntax error: word unexpected (expecting \")\")
2023-12-06 12:41:36.121199,9e5a00af42531ddeebe010a901bc4e11eaa646e8,VirusShare_6dba0ea67b3c00f8d9692ff5892e0001,/home/user/virus_test_eset/flask_server/virus/VirusShare_6dba0ea67b3c00f8d9692ff5892e0001: 1: Syntax error: word unexpected (expecting \")\")
2023-12-06 12:42:15.855080,38f2b3dcc9623ebb65068e1b52c56be2964b475f,VirusShare_6e6c25a2e4adf98601c2bd0d3de83a4e,VBoxManage: error: Waiting for guest process (flags 0x1) failed: Error VERR_NOT_IMPLEMENTED for guest process \"/home/user/virus_test_eset/flask_server/virus/VirusShare_6e6c25a2e4adf98601c2bd0d3de83a4e\" occurred\
2023-12-06 12:42:54.925342,fabc1b1d85cc5c82954f0dae6346ada449816793,VirusShare_7052829b1e5215f3256596764d91e84f,/home/user/virus_test_eset/flask_server/virus/VirusShare_7052829b1e5215f3256596764d91e84f: 1: Syntax error: \"(\" unexpected
2023-12-06 12:43:26.409302,a29b7cc63ad2d380058615b2573ba70351117f05,VirusShare_70688fbe04d58ba3f9f425138c454ed7,
2023-12-06 12:44:07.340888,e4a3053c6a9d629cb0a85b8dc440d69b6491e811,VirusShare_70a8c71197de182677f367702b80ff2c,/home/user/virus_test_eset/flask_server/virus/VirusShare_70a8c71197de182677f367702b80ff2c: 1: Syntax error: Unterminated quoted string
2023-12-06 12:44:44.743779,05dce5a78c7455762d19ab3524f60b140ba5e9b3,VirusShare_7208ba1f9f18bae970052f92354c1709,/home/user/virus_test_eset/flask_server/virus/VirusShare_7208ba1f9f18bae970052f92354c1709: 1: Syntax error: \"(\" unexpected
2023-12-06 12:45:23.801649,fa0446780186389b53f7511c8ce3997ff336aeec,VirusShare_720ec557cc1410e327d064f8544ab94b,/home/user/virus_test_eset/flask_server/virus/VirusShare_720ec557cc1410e327d064f8544ab94b: 1: Syntax error: word unexpected (expecting \")\")
2023-12-06 12:46:01.761830,eaf14b42062dc2149a405bad163f5435dfe64817,VirusShare_726ad49e01ef2584b8ca525f6981465a,/home/user/virus_test_eset/flask_server/virus/VirusShare_726ad49e01ef2584b8ca525f6981465a: 1: Syntax error: Unterminated quoted string
2023-12-06 12:46:41.743523,8acfaa4706d739bbf7d2e32f8cf3626420b05921,VirusShare_741ec40e4e545dbd9fc86afc51d81cd7,/home/user/virus_test_eset/flask_server/virus/VirusShare_741ec40e4e545dbd9fc86afc51d81cd7: 1: Syntax error: word unexpected (expecting \")\")
2023-12-06 12:47:23.202963,d344423a34d91510242f46210ef5664f048b9b2d,VirusShare_74759d3867186a9e30f73af7d46745af,/home/user/virus_test_eset/flask_server/virus/VirusShare_74759d3867186a9e30f73af7d46745af: 1: Syntax error: \"(\" unexpected
2023-12-06 12:48:01.326317,8c1646bd1e8c02a7d0e65616d09976bc42ddb686,VirusShare_747f254326f3bdfdff7317e498a5d266,
2023-12-06 12:48:34.982927,86b8f916cb7fb258f91112cf2f5cf94e7d7cd3f5,VirusShare_7489fb77e3fe27560d75041046481db2,/home/user/virus_test_eset/flask_server/virus/VirusShare_7489fb77e3fe27560d75041046481db2: 1: Syntax error: word unexpected (expecting \")\")
2023-12-06 12:49:14.490377,66e41de24f614dda683415e6bf7c65c384e4fe22,VirusShare_748d0d0755c2d6ad672a5ec32fe8d70b,/home/user/virus_test_eset/flask_server/virus/VirusShare_748d0d0755c2d6ad672a5ec32fe8d70b: 1: Syntax error: \"(\" unexpected
2023-12-06 12:49:47.844519,0a3df7aabaaaad70258b03a910b558df70648bbb,VirusShare_749337843f5dba86ce343186c435c1b2,/home/user/virus_test_eset/flask_server/virus/VirusShare_749337843f5dba86ce343186c435c1b2: 2: Syntax error: Unterminated quoted string
2023-12-06 12:50:25.707835,cdf98190ca1719c61fb868c6e849fc0975497089,VirusShare_7629fc553324ec1b1ba64deac1c65516,/home/user/virus_test_eset/flask_server/virus/VirusShare_7629fc553324ec1b1ba64deac1c65516: 1: Syntax error: word unexpected (expecting \")\")
2023-12-06 12:51:06.456558,01d6477c39614b8abc41e58c1ff08688ac421105,VirusShare_76f72f344fec0fe295184a2b64f0816b,/home/user/virus_test_eset/flask_server/virus/VirusShare_76f72f344fec0fe295184a2b64f0816b: 14: Syntax error: EOF in backquote substitution
2023-12-06 12:51:47.103712,c1cd83d6095766404b5f0bb5175942a1f5bfe9b2,VirusShare_772219d4571be1de318fe0f75b256ccc,/home/user/virus_test_eset/flask_server/virus/VirusShare_772219d4571be1de318fe0f75b256ccc: 14: Syntax error: EOF in backquote substitution
2023-12-06 12:52:25.306531,a34c310444feda45a198bd58b62a5e36a64ae6e1,VirusShare_7b965337a13ea36ffcc74e2e804e764b,
2023-12-06 12:53:03.658940,0a3a9f3f8b32d525da84aba55cff0f4c5ef8622c,VirusShare_7c2d02de857d2e09981394471824abc4,/home/user/virus_test_eset/flask_server/virus/VirusShare_7c2d02de857d2e09981394471824abc4: 1: Syntax error: word unexpected (expecting \")\")
2023-12-06 12:53:42.155146,7b1156ce834dccf8e1f8014c27b0b4f6bc0f933c,VirusShare_7d83e617bd1bfddbe3cceb5b677090b5,
2023-12-06 12:54:20.950507,b1fa06bc1522e1f667ecbb416c293751a0626f6f,VirusShare_7de9f592cb9de8c55f4c49f31c0003eb,
2023-12-06 12:54:57.392626,c3bfe3afad98f0bbe9614e41becd0954abf1c8af,VirusShare_7f354b6a7c743a24d8d6ec8db1ea6bde,/home/user/virus_test_eset/flask_server/virus/VirusShare_7f354b6a7c743a24d8d6ec8db1ea6bde: 1: Syntax error: word unexpected (expecting \")\")
2023-12-06 12:55:34.480955,bf2a307dd8ebed6aafbfdaae535d869bff23a0a8,VirusShare_7f4d9a672bb7ff27f641d29b99ecb08a,unable to open /home/user/virus_test_eset/flask_server/virus/config.json: no such file or directory\
2023-12-06 12:56:11.340768,137c29cdab8610ec530c190d5823c5393f204aaf,VirusShare_7ff63432730893b378facf5a2510aeac,
2023-12-06 12:56:46.083064,fe87660284d790a47ef21534e7a1a96b1f3a465d,VirusShare_802f122b6f59c54d212e6dfaaba52266,/home/user/virus_test_eset/flask_server/virus/VirusShare_802f122b6f59c54d212e6dfaaba52266: 1: Syntax error: word unexpected (expecting \")\")
2023-12-06 12:57:24.298134,ff4cdb1d97ca27ba507113e2370f673a9dabca32,VirusShare_8078b3c92d36bcafb59da14d2ea57123,/home/user/virus_test_eset/flask_server/virus/VirusShare_8078b3c92d36bcafb59da14d2ea57123: 1: Syntax error: word unexpected (expecting \")\")
2023-12-06 12:58:04.536763,388c715c89182450582dd078fcb70b72d307c25d,VirusShare_8135c140046adfef7973084cd515553a,
2023-12-06 12:58:34.561013,199a565c8c062dfc3fc42f5f66e289b611685f67,VirusShare_8179f8e1ecbde7417edd9d4add6ffb2f,/home/user/virus_test_eset/flask_server/virus/VirusShare_8179f8e1ecbde7417edd9d4add6ffb2f: 2: Syntax error: end of file unexpected (expecting \")\")
2023-12-06 12:59:07.899174,28fadad8beb807c66a75016a238d8a98e1d4183c,VirusShare_81b025a0ca0b48f3b5eb2bc7e6cc189c,/home/user/virus_test_eset/flask_server/virus/VirusShare_81b025a0ca0b48f3b5eb2bc7e6cc189c: 1: Syntax error: \"(\" unexpected
2023-12-06 12:59:46.126724,f1784584d63f9782a0cd815b5ccc39b3922b5437,VirusShare_81d09ce69492f7b83aef63cd0fac249a,
2023-12-06 13:00:17.531765,cc6d56aa9ff5cd912a56afb2a0de53cb30283083,VirusShare_82693615a44fec77e01cb0927b031bd6,/home/user/virus_test_eset/flask_server/virus/VirusShare_82693615a44fec77e01cb0927b031bd6: 1: Syntax error: word unexpected (expecting \")\")
2023-12-06 13:00:56.529080,dc6c61ac1d7d578c46a9cc211e049f62afbf3848,VirusShare_82ef42b0de479929b70d2f1fc257ab71,/home/user/virus_test_eset/flask_server/virus/VirusShare_82ef42b0de479929b70d2f1fc257ab71: 1: Syntax error: word unexpected (expecting \")\")
2023-12-06 13:01:32.908756,d75cb0a5134b480424d0cfcbcce03034a6af84e3,VirusShare_83a8d6408fede80b88c056bb2dba1a56,/home/user/virus_test_eset/flask_server/virus/VirusShare_83a8d6408fede80b88c056bb2dba1a56: 14: Syntax error: EOF in backquote substitution
2023-12-06 13:02:10.153012,5719ecbfbb0405c747f11074748cf4bddf784d90,VirusShare_84078016f8d9b76b963a22975c7340e8,/home/user/virus_test_eset/flask_server/virus/VirusShare_84078016f8d9b76b963a22975c7340e8: 1: Syntax error: word unexpected (expecting \")\")
2023-12-06 13:02:48.739222,2e7bc9ca19527aaffa9e5c30915edb71932f6f75,VirusShare_84871925f6131b01afa42f2372d4d9b0,/home/user/virus_test_eset/flask_server/virus/VirusShare_84871925f6131b01afa42f2372d4d9b0: 1: Syntax error: word unexpected (expecting \")\")
2023-12-06 13:03:22.696717,70b0831fecc4a14f8223154b91e959335a9ebec8,VirusShare_84b4816ae050b81b0c8746dccee3e691,/home/user/virus_test_eset/flask_server/virus/VirusShare_84b4816ae050b81b0c8746dccee3e691: 1: Syntax error: word unexpected (expecting \")\")
2023-12-06 13:03:55.193037,ba65f8e3468eead05c34a7903ffe287383b2efc6,VirusShare_86d3bd80dccad784f3f9961925aac7a7,/home/user/virus_test_eset/flask_server/virus/VirusShare_86d3bd80dccad784f3f9961925aac7a7: 1: Syntax error: word unexpected (expecting \")\")
2023-12-06 13:04:19.615020,3489263f41ef16a46c1d7a711b517f0cfd21d83c,VirusShare_89303bf04ee7f1193a42fe59b858bd62,/home/user/virus_test_eset/flask_server/virus/VirusShare_89303bf04ee7f1193a42fe59b858bd62: 1: Syntax error: \"(\" unexpected
2023-12-06 13:04:56.541658,4097bd15092e817faea5f927d15c699fc232fcb1,VirusShare_89a825081394b372dc9c3682f768dd97,/home/user/virus_test_eset/flask_server/virus/VirusShare_89a825081394b372dc9c3682f768dd97: 1: Syntax error: word unexpected (expecting \")\")
2023-12-06 13:05:27.854012,8f5c6e750ae1698e3adc0f1cd19c0314a3db2238,VirusShare_8a6144d418ae166c5d78d9bd0961669e,/home/user/virus_test_eset/flask_server/virus/VirusShare_8a6144d418ae166c5d78d9bd0961669e: 1: Syntax error: word unexpected (expecting \")\")
2023-12-06 13:06:05.589146,53413427a54cc1b2d8dae88c67bedde650a659ea,VirusShare_8b71a5b0d9a575978ed05de65c70ce1e,VBoxManage: error: Waiting for guest process (flags 0x1) failed: Error VERR_NOT_IMPLEMENTED for guest process \"/home/user/virus_test_eset/flask_server/virus/VirusShare_8b71a5b0d9a575978ed05de65c70ce1e\" occurred\
2023-12-06 13:06:41.630328,aef4a25e9a250e645ce91786cfecddc37911fabc,VirusShare_8e06b50b4af0370cbc114b15f1226cbb,/home/user/virus_test_eset/flask_server/virus/VirusShare_8e06b50b4af0370cbc114b15f1226cbb: 1: Syntax error: word unexpected (expecting \")\")
2023-12-06 13:07:20.226435,3fb2cc23e3f0bd65ac159e4f9ab68b6d8e63c125,VirusShare_8e66ebfdad42cfb3668a5b15afc140d3,/home/user/virus_test_eset/flask_server/virus/VirusShare_8e66ebfdad42cfb3668a5b15afc140d3: 1: Syntax error: word unexpected (expecting \")\")
2023-12-06 13:07:52.261629,0227ea4c5f5e8d1359e396bc33a69406b4f32929,VirusShare_8ebb369d56829e78352fac35b0346f86,VBoxManage: error: Waiting for guest process (flags 0x1) failed: Error VERR_NOT_IMPLEMENTED for guest process \"/home/user/virus_test_eset/flask_server/virus/VirusShare_8ebb369d56829e78352fac35b0346f86\" occurred\
