Date,Hash,Filename,Result
2023-12-05 11:38:52.136486,010daea75d74c27a7991cbadc8195eeac6605269,VirusShare_0172021f5d19893c3df8d0ed4188e5cc,/home/user/virus_test_eset/flask_server/virus/VirusShare_0172021f5d19893c3df8d0ed4188e5cc: 1: Syntax error: word unexpected (expecting \")\")
2023-12-05 11:39:24.058451,b2d8cacc1b18117cd33780065ad46cb94d0ea2f5,VirusShare_018d04d0f2b8810348a2f93844197b16,/home/user/virus_test_eset/flask_server/virus/VirusShare_018d04d0f2b8810348a2f93844197b16: 1: Syntax error: word unexpected (expecting \")\")
2023-12-05 11:39:57.098521,0c03e2a40b313c2047ade8312beac28bd27dce6b,VirusShare_0192a0865465dd3be7984cf3735b8ee4,/home/user/virus_test_eset/flask_server/virus/VirusShare_0192a0865465dd3be7984cf3735b8ee4: 1: Syntax error: word unexpected (expecting \")\")
2023-12-05 11:40:31.543604,955c4896f01503ace34b323274853c7959e196ad,VirusShare_02f4e9f89c3b0cc50797b052d98dc4fd,/home/user/virus_test_eset/flask_server/virus/VirusShare_02f4e9f89c3b0cc50797b052d98dc4fd: 1: Syntax error: word unexpected (expecting \")\")
2023-12-05 11:41:04.396865,304217529b8af1ef7c2bbdd4e1b3daccc83e61ba,VirusShare_03b2379ba8eb19bf86f3bf4cc9ce1ff4,/home/user/virus_test_eset/flask_server/virus/VirusShare_03b2379ba8eb19bf86f3bf4cc9ce1ff4: 1: Syntax error: word unexpected (expecting \")\")
2023-12-05 11:41:34.528406,3bf518558d3271ec957f2df35121c326be42577b,VirusShare_03ee7961fda3fba46a3555f127112b9b,/home/user/virus_test_eset/flask_server/virus/VirusShare_03ee7961fda3fba46a3555f127112b9b: 1: Syntax error: \"(\" unexpected
2023-12-05 11:42:09.676964,8ea8bf86bf3761898ad2ed17e23c60be9bd47d3c,VirusShare_04cfc98899e80e3eb1c57bf35b650a81,/home/user/virus_test_eset/flask_server/virus/VirusShare_04cfc98899e80e3eb1c57bf35b650a81: 1: Syntax error: word unexpected (expecting \")\")
2023-12-05 11:42:39.831639,da39a3ee5e6b4b0d3255bfef95601890afd80709,VirusShare_04edbeb40f07e34d5e23dd22015c8792,
2023-12-05 11:43:15.065903,3d6712cce6ed27c96d44738d16b6831121f35022,VirusShare_0558da0c2160a71b1b598173e8f10caf,/home/user/virus_test_eset/flask_server/virus/VirusShare_0558da0c2160a71b1b598173e8f10caf: 1: Syntax error: word unexpected (expecting \")\")
2023-12-05 11:43:43.398325,62173faf21aef4fd622672cfd46727f136bdd099,VirusShare_07c219c121c03c42122c181e0c5c6723,/home/user/virus_test_eset/flask_server/virus/VirusShare_07c219c121c03c42122c181e0c5c6723: 1: Syntax error: word unexpected (expecting \")\")
2023-12-05 11:44:19.037025,ce8bf3e219791243a14f55ae497a381038f22b07,VirusShare_07e17870c523237a6fc7d65ab7407f8a,
2023-12-05 11:44:54.986103,710604b5286391f26874c11a7ca88562ff558d02,VirusShare_089a676abcdcaa22c95b0d268b3b00c5,/home/user/virus_test_eset/flask_server/virus/VirusShare_089a676abcdcaa22c95b0d268b3b00c5: 1: Syntax error: word unexpected (expecting \")\")
2023-12-05 11:45:23.829868,5cdcb7480af06df7625386d5a572f6285b4c51b5,VirusShare_0aba38784942d61da3daf3bd9bc5a540,/home/user/virus_test_eset/flask_server/virus/VirusShare_0aba38784942d61da3daf3bd9bc5a540: 1: Syntax error: \"(\" unexpected
2023-12-05 11:45:57.679899,3515ca695f7e38e69189848bd6518d5ba2d6978b,VirusShare_0b2c60dbfa2ec1fabe686830afc9c6d4,/home/user/virus_test_eset/flask_server/virus/VirusShare_0b2c60dbfa2ec1fabe686830afc9c6d4: 1: Syntax error: \"(\" unexpected
2023-12-05 11:46:28.481143,06d34275e354c9bcb506200b546d043b7bbd58c0,VirusShare_0ba260c38620c161dead56da3cd9d863,/home/user/virus_test_eset/flask_server/virus/VirusShare_0ba260c38620c161dead56da3cd9d863: 1: Syntax error: word unexpected (expecting \")\")
2023-12-05 11:47:04.921131,c2bcf57c6a55a210e0e2e67c9c5686ac2c11d27f,VirusShare_0bd8fa2b3590ddd362c7dcf47cd725c5,/home/user/virus_test_eset/flask_server/virus/VirusShare_0bd8fa2b3590ddd362c7dcf47cd725c5: 14: Syntax error: EOF in backquote substitution
2023-12-05 11:47:41.664563,327662d1f5f6625ebcc867427680c0592195179e,VirusShare_0be54d2d5fa1fbbe2969b0e1ab052a16,
2023-12-05 11:48:17.439927,5f387a759e9b92aaa63bb6f7dda85f80db3c63cb,VirusShare_0bfe0c18e975b594a0cb35d7dc6af835,
2023-12-05 11:48:58.736582,aa8e58002c4a8a1240d03d56b8f901c38024eee9,VirusShare_0c0d38826bb592967cf19ed6dd5b00ee,/home/user/virus_test_eset/flask_server/virus/VirusShare_0c0d38826bb592967cf19ed6dd5b00ee: 14: Syntax error: EOF in backquote substitution
2023-12-05 11:49:29.675286,50a2b3f23b20077a2dc8f8686789f9c66ea9c25e,VirusShare_0c13e290d5851e5c5b3baeb79744faa6,/home/user/virus_test_eset/flask_server/virus/VirusShare_0c13e290d5851e5c5b3baeb79744faa6: 1: Syntax error: word unexpected (expecting \")\")
2023-12-05 11:50:03.878682,cbfbb0d986a3155b54569e7f8c4ada5d5ca2e1b9,VirusShare_0c62282c0e679ba4cced23797ce200e3,/home/user/virus_test_eset/flask_server/virus/VirusShare_0c62282c0e679ba4cced23797ce200e3: 1: Syntax error: word unexpected (expecting \")\")
2023-12-05 11:50:42.023585,0a074e4291bab50a440f689f5a6eac9cf2522564,VirusShare_0cbde4e1edcce46dc339014c21377510,/home/user/virus_test_eset/flask_server/virus/VirusShare_0cbde4e1edcce46dc339014c21377510: 1: Syntax error: word unexpected (expecting \")\")
2023-12-05 11:51:18.005999,f341bf0775acd67c58983615ad7a538e4caf7b6f,VirusShare_0cd759d5428167a102e87532a81d2452,/home/user/virus_test_eset/flask_server/virus/VirusShare_0cd759d5428167a102e87532a81d2452: 1: Syntax error: word unexpected (expecting \")\")
2023-12-05 11:51:48.733781,0eab1c365322bbecfbe94786237df9908da360e7,VirusShare_0d2aea99d8ab9bbdeff61973abbd578e,/home/user/virus_test_eset/flask_server/virus/VirusShare_0d2aea99d8ab9bbdeff61973abbd578e: 1: Syntax error: \"(\" unexpected
2023-12-05 11:52:18.616370,1231e963c68fcf8380964edbd192ed884902efdc,VirusShare_0d3f11905577dd224cb6df243754c2ec,/home/user/virus_test_eset/flask_server/virus/VirusShare_0d3f11905577dd224cb6df243754c2ec: 1: Syntax error: \"(\" unexpected
2023-12-05 11:52:56.599506,0986b89a6428a49f4981bf7be0896eff86097dfb,VirusShare_0e490eeb8e9d93aa87f992e133384670,/home/user/virus_test_eset/flask_server/virus/VirusShare_0e490eeb8e9d93aa87f992e133384670: 1: Syntax error: \"(\" unexpected
2023-12-05 11:53:31.040047,351efcbf48423037c51486e6d8fee7a97f00b96a,VirusShare_0efa301ff196f70ae4acabd25ed067a3,/home/user/virus_test_eset/flask_server/virus/VirusShare_0efa301ff196f70ae4acabd25ed067a3: 1: Syntax error: word unexpected (expecting \")\")
2023-12-05 11:54:06.080914,1c4a5de36bb89cb299e0bb373d396842f1e7df04,VirusShare_0f255f6366ffd553b04ea03f9d5fb07a,/home/user/virus_test_eset/flask_server/virus/VirusShare_0f255f6366ffd553b04ea03f9d5fb07a: 1: Syntax error: \"(\" unexpected
2023-12-05 11:54:42.614889,046ac46cf48165ab5375339236b6ab2d8b2e0888,VirusShare_0f4899b7000b94f8493bbdac90755309,/home/user/virus_test_eset/flask_server/virus/VirusShare_0f4899b7000b94f8493bbdac90755309: 1: Syntax error: word unexpected (expecting \")\")
2023-12-05 11:55:18.720180,24a2a97b8e3b8a85aa2d226c1c41842d8003d9f1,VirusShare_0f4b42c5b3d6d1c5b5fad1bf1af4c67d,
2023-12-05 11:57:54.541211,a01c6102e05d7949d4201a0bd1532f63a1b1c007,VirusShare_0f4cbe8f626a16186b8037b737251ad4,TIME EXCEEDED
2023-12-05 11:58:31.855279,819852b07e714a0097379efb2110eade99e883c8,VirusShare_0fc61e778f6429ec0f728423e44fb635,/home/user/virus_test_eset/flask_server/virus/VirusShare_0fc61e778f6429ec0f728423e44fb635: 1: Syntax error: word unexpected (expecting \")\")
2023-12-05 11:59:09.876966,d8b519dd692daf06617ab42e05e1e605609ce92e,VirusShare_102899fabf64faf4e747033b0fa8303a,
2023-12-05 11:59:46.193567,902ac3208b2c4c054e235d2260691cd0aa1223b8,VirusShare_102ba83b647209f71aafe2bdc969d9b2,/home/user/virus_test_eset/flask_server/virus/VirusShare_102ba83b647209f71aafe2bdc969d9b2: 1: Syntax error: word unexpected (expecting \")\")
2023-12-05 12:00:22.997099,243b4e7e28016626d847dc5480e76f36b751d884,VirusShare_106e617e3921542f42c59223f7bcab58,/home/user/virus_test_eset/flask_server/virus/VirusShare_106e617e3921542f42c59223f7bcab58: 1: Syntax error: \"(\" unexpected
2023-12-05 12:01:05.990476,f49d37312e3002cb4dbe480e1fb7bfc7d50ea02b,VirusShare_1094b5c3fcfeb6492e7d25bda6fe84cb,VBoxManage: error: Waiting for guest process (flags 0x1) failed: No such file or directory \"/home/user/virus_test_eset/flask_server/virus/VirusShare_1094b5c3fcfeb6492e7d25bda6fe84cb\" on guest\
VBoxManage: error: Details: code VBOX_E_IPRT_ERROR (0x80bb0005)\, component GuestProcessWrap\, interface IGuestProcess\, callee nsISupports\
VBoxManage: error: Context: \"WaitForArray(ComSafeArrayAsInParam(aWaitStartFlags)\, gctlRunGetRemainingTime(msStart\, cMsTimeout)\, &waitResult)\" at line 1396 of file VBoxManageGuestCtrl.cpp
2023-12-05 12:01:46.411216,0c7fd13f563e19b08813d2a6f1968b8ca27e4195,VirusShare_10d928d44792b3374825b54f9279e7c6,/home/user/virus_test_eset/flask_server/virus/VirusShare_10d928d44792b3374825b54f9279e7c6: 14: Syntax error: EOF in backquote substitution
2023-12-05 12:02:23.898720,c24deb4713c765188979765be5aadcd7081b674b,VirusShare_118acc9eef9585d804a68109a877d0ea,/home/user/virus_test_eset/flask_server/virus/VirusShare_118acc9eef9585d804a68109a877d0ea: 1: Syntax error: word unexpected (expecting \")\")
2023-12-05 12:03:00.960179,88e091a86332f4a0197f0ac8b3b39f6c0ed25b62,VirusShare_11e0d19bbdb3bd057ed80b5ffb52d07f,/home/user/virus_test_eset/flask_server/virus/VirusShare_11e0d19bbdb3bd057ed80b5ffb52d07f: 1: Syntax error: word unexpected (expecting \")\")
2023-12-05 12:03:33.962780,3db38642a062ed261c77ddfdbd52218e368948ea,VirusShare_1223894f1331fdab269d18d42f7e91da,/home/user/virus_test_eset/flask_server/virus/VirusShare_1223894f1331fdab269d18d42f7e91da: 1: Syntax error: word unexpected (expecting \")\")
2023-12-05 12:04:12.021922,995707b0d844103bfbb5eca6fab9b5a50b855dfd,VirusShare_123dfe79846e600a8336cd14fe647d5c,/home/user/virus_test_eset/flask_server/virus/VirusShare_123dfe79846e600a8336cd14fe647d5c: 1: Syntax error: \"(\" unexpected
2023-12-05 12:04:45.285128,f300b9b33d6de6c5baae42b1ce283ebec10cb6da,VirusShare_1244aebdb43246edec6ee54f420985aa,/home/user/virus_test_eset/flask_server/virus/VirusShare_1244aebdb43246edec6ee54f420985aa: 1: Syntax error: word unexpected (expecting \")\")
2023-12-05 12:05:14.357902,bf689b263afaf34aa0af8303bdfe5e18fdbcb4ae,VirusShare_12c92784baed75ab1b7a7e7aceef9a37,/home/user/virus_test_eset/flask_server/virus/VirusShare_12c92784baed75ab1b7a7e7aceef9a37: 1: Syntax error: word unexpected (expecting \")\")
2023-12-05 12:05:46.344519,9ec1766586c0a6683fb4ed8d3b85fa1d587a7914,VirusShare_13163a8ba292463f07dcfeb5c4ac342b,/home/user/virus_test_eset/flask_server/virus/VirusShare_13163a8ba292463f07dcfeb5c4ac342b: 1: Syntax error: word unexpected (expecting \")\")
2023-12-05 12:06:18.114668,a3fa2a2d81be4fbf1b7b4392ea518d0b6f5d409e,VirusShare_131c1007e660515a2e19f1ab4b6348d5,/home/user/virus_test_eset/flask_server/virus/VirusShare_131c1007e660515a2e19f1ab4b6348d5: 1: Syntax error: word unexpected (expecting \")\")
2023-12-05 12:08:53.132238,404395cf309370143c33ae5b9afdb50323c72f08,VirusShare_13d48236316a667439a79aa595ba55a4,TIME EXCEEDED
2023-12-05 12:09:30.117096,cb67542ec0ac12901be7b6b664dd62cde77616e9,VirusShare_13e76acbda8dc32d83ca6c299663593e,/home/user/virus_test_eset/flask_server/virus/VirusShare_13e76acbda8dc32d83ca6c299663593e: 1: Syntax error: word unexpected (expecting \")\")
2023-12-05 12:10:09.544653,6bcb7750db87720fa94846459b7e97dd6a8c675c,VirusShare_13f39ddfbf3cb768f3c78ae0dd92cfb6,VBoxManage: error: Waiting for guest process (flags 0x1) failed: Error VERR_NOT_IMPLEMENTED for guest process \"/home/user/virus_test_eset/flask_server/virus/VirusShare_13f39ddfbf3cb768f3c78ae0dd92cfb6\" occurred\
\
VBoxManage: error: Details: code VBOX_E_IPRT_ERROR (0x80bb0005)\, component GuestProcessWrap\, interface IGuestProcess\, callee nsISupports\
VBoxManage: error: Context: \"WaitForArray(ComSafeArrayAsInParam(aWaitStartFlags)\, gctlRunGetRemainingTime(msStart\, cMsTimeout)\, &waitResult)\" at line 1396 of file VBoxManageGuestCtrl.cpp
2023-12-05 12:10:46.299576,de9af41ca49bfae57870e770a6db1d43a1dedc47,VirusShare_13f47d732026a49a6d5e856c233c7f48,VBoxManage: error: Waiting for guest process (flags 0x1) failed: No such file or directory \"/home/user/virus_test_eset/flask_server/virus/VirusShare_13f47d732026a49a6d5e856c233c7f48\" on guest\
VBoxManage: error: Details: code VBOX_E_IPRT_ERROR (0x80bb0005)\, component GuestProcessWrap\, interface IGuestProcess\, callee nsISupports\
VBoxManage: error: Context: \"WaitForArray(ComSafeArrayAsInParam(aWaitStartFlags)\, gctlRunGetRemainingTime(msStart\, cMsTimeout)\, &waitResult)\" at line 1396 of file VBoxManageGuestCtrl.cpp
2023-12-05 12:11:21.446506,6363773a44f61feb3e155af3e9da363bc15992c8,VirusShare_13f9e98921c328722cde17e2fe9114cf,/home/user/virus_test_eset/flask_server/virus/VirusShare_13f9e98921c328722cde17e2fe9114cf: 1: Syntax error: word unexpected (expecting \")\")
2023-12-05 12:11:58.168533,cf352e1c720ff08aae599b5a3b0b41bd0aa15466,VirusShare_13fd74002ba6524963e22e362997a57b,
2023-12-05 12:12:33.105847,12f4fd2682b9290def2b82faff192cd3387e2d17,VirusShare_142cbd80435045fa63c25b4067e94bd3,/home/user/virus_test_eset/flask_server/virus/VirusShare_142cbd80435045fa63c25b4067e94bd3: 14: Syntax error: EOF in backquote substitution
2023-12-05 12:13:07.046330,f5c3729f158a79f7dd51cad7037a073436089c94,VirusShare_15075bddee773685054f45d615d22d9e,unable to open /home/user/virus_test_eset/flask_server/virus/config.json: no such file or directory\
No valid configuration found. Exiting.
2023-12-05 12:13:38.754795,a22b6a322822fb2d6bc3b924fd25ad08f89fb753,VirusShare_151cdf1212467a87d6af32bed3f4e2c8,/home/user/virus_test_eset/flask_server/virus/VirusShare_151cdf1212467a87d6af32bed3f4e2c8: 1: Syntax error: \"(\" unexpected
2023-12-05 12:14:10.890119,556cd68adf10ff7af263b45c5ebc1eff00c1052b,VirusShare_156e164b27d17efdb5cb35f7ec631d30,/home/user/virus_test_eset/flask_server/virus/VirusShare_156e164b27d17efdb5cb35f7ec631d30: 14: Syntax error: EOF in backquote substitution
2023-12-05 12:14:48.019004,83fff8053599519ebb5a8bd73d4e80a640ba71af,VirusShare_15a06dd80757864b98d119955c102813,/home/user/virus_test_eset/flask_server/virus/VirusShare_15a06dd80757864b98d119955c102813: 1: Syntax error: \"(\" unexpected
2023-12-05 12:15:22.837507,68b36ce381499aee1edc24866ac3b68eb7ca5845,VirusShare_15bed0046bf4c8e941e3f28738681f02,/home/user/virus_test_eset/flask_server/virus/VirusShare_15bed0046bf4c8e941e3f28738681f02: 1: Syntax error: \"(\" unexpected
2023-12-05 12:15:52.175284,b6b61039915097336cbf02775a01b7cb39dd1241,VirusShare_15c15738e1421dcdcb6baca01148e073,
2023-12-05 12:16:27.019378,7c5a95fa720434d939672b5185ce2f5794d916c4,VirusShare_16ca130fd01e09cee29dd7d4fc4a7d77,/home/user/virus_test_eset/flask_server/virus/VirusShare_16ca130fd01e09cee29dd7d4fc4a7d77: 14: Syntax error: EOF in backquote substitution
2023-12-05 12:17:02.184815,4c329580a74dcce732ae1f9dad582d84f718c1d4,VirusShare_1705a8fc8f0123362c1c99852269321c,/home/user/virus_test_eset/flask_server/virus/VirusShare_1705a8fc8f0123362c1c99852269321c: 14: Syntax error: EOF in backquote substitution
2023-12-05 12:17:34.086249,8860a6f05d6a5771c4a06a7515a08031c10d1f25,VirusShare_17589e76dd8611cb6029265c2fc52141,/home/user/virus_test_eset/flask_server/virus/VirusShare_17589e76dd8611cb6029265c2fc52141: 1: Syntax error: Unterminated quoted string
2023-12-05 12:18:10.241182,ddda26d5f7a26692572d877f8f27435123993438,VirusShare_182d9b211a7a299fe50abfcd8a10c103,/home/user/virus_test_eset/flask_server/virus/VirusShare_182d9b211a7a299fe50abfcd8a10c103: 1: 44: not found\
/home/user/virus_test_eset/flask_server/virus/VirusShare_182d9b211a7a299fe50abfcd8a10c103: 2: ELF@E: not found\
/home/user/virus_test_eset/flask_server/virus/VirusShare_182d9b211a7a299fe50abfcd8a10c103: 3: Syntax error: \")\" unexpected
2023-12-05 12:18:44.565901,d7ec7e155a4244e9cb9389223125fee1f3f6b6ad,VirusShare_1a45fb5fbe07c456924d2da467b45a65,/home/user/virus_test_eset/flask_server/virus/VirusShare_1a45fb5fbe07c456924d2da467b45a65: 1: Syntax error: word unexpected (expecting \")\")
2023-12-05 12:19:17.415959,6c0a43996e623440f613d5ec1c35fbbd851e8e17,VirusShare_1a61e8005305de426eddaee4145061e3,/home/user/virus_test_eset/flask_server/virus/VirusShare_1a61e8005305de426eddaee4145061e3: 1: Syntax error: word unexpected (expecting \")\")
2023-12-05 12:19:51.050091,d2e66caf94214cccc1896edbcf7ed19e3e624c9a,VirusShare_1aef4a1a4b42a54171a9f248351c0a12,/home/user/virus_test_eset/flask_server/virus/VirusShare_1aef4a1a4b42a54171a9f248351c0a12: 1: Syntax error: word unexpected (expecting \")\")
2023-12-05 12:20:25.112542,9732cf3ea12a5f9f11f440ed25833c72a2212d44,VirusShare_1b37e247bb3afaef31cf4848e056ba0e,/home/user/virus_test_eset/flask_server/virus/VirusShare_1b37e247bb3afaef31cf4848e056ba0e: 1: Syntax error: word unexpected (expecting \")\")
2023-12-05 12:20:54.890133,339f314e955d75aefc600e3d1ae495933632f02d,VirusShare_1b41b1a979c41165716c0c844a2099ac,/home/user/virus_test_eset/flask_server/virus/VirusShare_1b41b1a979c41165716c0c844a2099ac: 1: Syntax error: word unexpected (expecting \")\")
2023-12-05 12:21:28.421443,a5d04ce8b4da2a2919646907b248f23e5571a53f,VirusShare_1b5cee0e882d6404fb75eb549d04e177,/home/user/virus_test_eset/flask_server/virus/VirusShare_1b5cee0e882d6404fb75eb549d04e177: 14: Syntax error: EOF in backquote substitution
2023-12-05 12:22:01.072547,f5324ffbb7d522e4a98af9ad4014f54b7e523dbe,VirusShare_1ba9dcca6a58b61e80303fb77a42e6d1,/home/user/virus_test_eset/flask_server/virus/VirusShare_1ba9dcca6a58b61e80303fb77a42e6d1: 1: Syntax error: word unexpected (expecting \")\")
2023-12-05 12:22:32.940783,53a8534dc52e4eae4aafacace02d26d0a5410e8a,VirusShare_1bd2c85238dc9b24c6fe31f4f8c1e249,/home/user/virus_test_eset/flask_server/virus/VirusShare_1bd2c85238dc9b24c6fe31f4f8c1e249: 1: Syntax error: word unexpected (expecting \")\")
2023-12-05 12:23:07.918743,a31546e8b29eb0a8d0114611e3decbc4662b875f,VirusShare_1bf04211231cb0218ce4516307e0796e,/home/user/virus_test_eset/flask_server/virus/VirusShare_1bf04211231cb0218ce4516307e0796e: 1: Syntax error: word unexpected (expecting \")\")
2023-12-05 12:23:42.247894,db1c93d69971d2f6e29ddba79b8c7861677135f6,VirusShare_1bfef300827d118fbe4307a082ce1683,/home/user/virus_test_eset/flask_server/virus/VirusShare_1bfef300827d118fbe4307a082ce1683: 1: Syntax error: word unexpected (expecting \")\")
2023-12-05 12:24:15.565925,c98bb5d84591b1899211c6c7c4fbeab205504ddf,VirusShare_1c49f52a7e9f2f43e22e9d47361b31e9,/home/user/virus_test_eset/flask_server/virus/VirusShare_1c49f52a7e9f2f43e22e9d47361b31e9: 1: Syntax error: word unexpected (expecting \")\")
2023-12-05 12:24:51.083356,772e7dd959458703d0adcd9e5ff830fbf5f643e2,VirusShare_1c8509336758744bc055f8d1b075a172,
2023-12-05 12:25:28.712442,eca59ec4b2b7f4f3a45c37dd1676f64f79441c3e,VirusShare_1c8740c423766b7d587877957b5d933f,/home/user/virus_test_eset/flask_server/virus/VirusShare_1c8740c423766b7d587877957b5d933f: 7: Syntax error: word unexpected (expecting \")\")
2023-12-05 12:26:04.091206,f823bae086726955fd56018fe910e55a3fd7efd7,VirusShare_1d08e1658deb62943efb095b7d45f165,/home/user/virus_test_eset/flask_server/virus/VirusShare_1d08e1658deb62943efb095b7d45f165: 1: Syntax error: word unexpected (expecting \")\")
2023-12-05 12:26:45.974771,b48aa81ac014a5a7f6e95e618e4f951ee12d34c3,VirusShare_1da618896802fdb4b6f17c92703424f4,
2023-12-05 12:27:24.272063,7d6009b56bad6f7017ab3ee4654414e8721d2eb4,VirusShare_1dfc85c26fe77f8e7686fb9ab27181b0,/home/user/virus_test_eset/flask_server/virus/VirusShare_1dfc85c26fe77f8e7686fb9ab27181b0: 1: Syntax error: word unexpected (expecting \")\")
2023-12-05 12:28:04.225337,bb5a27b3a6989434e57a866ba01b3c6084b32b18,VirusShare_1e8b451eadefedf567902f503ed887f2,/home/user/virus_test_eset/flask_server/virus/VirusShare_1e8b451eadefedf567902f503ed887f2: 1: Syntax error: word unexpected (expecting \")\")
2023-12-05 12:28:34.145588,caaccf669b5032444a6ecb045b1b57b8ba3389a4,VirusShare_1e8f77c894dd14fee309d885ce11a5b3,/home/user/virus_test_eset/flask_server/virus/VirusShare_1e8f77c894dd14fee309d885ce11a5b3: 1: Syntax error: \"(\" unexpected
2023-12-05 12:29:02.570134,d663632edf30b5d9e767a5ad872b1261a0fc99d9,VirusShare_1e9dc1afd0903e84663a4201f563ec74,
2023-12-05 12:29:33.395504,8b950fe31ff89c58da208de9b12b415e669f0336,VirusShare_1ec0976afd424b49148fd5b2e6dcf61d,/home/user/virus_test_eset/flask_server/virus/VirusShare_1ec0976afd424b49148fd5b2e6dcf61d: 1: Syntax error: word unexpected (expecting \")\")
2023-12-05 12:30:04.457950,0d5a1260033e9fe412f53e215d3d0b1ad74453a9,VirusShare_1ec39638e44b9d3554fc3ff526587013,/home/user/virus_test_eset/flask_server/virus/VirusShare_1ec39638e44b9d3554fc3ff526587013: 10: Syntax error: EOF in backquote substitution
2023-12-05 12:30:36.663261,760632044236fbb4d5ec4e006b12f6aa2adedebf,VirusShare_1ed0dbc16da500ee9cf5cf63fe0aabc5,/home/user/virus_test_eset/flask_server/virus/VirusShare_1ed0dbc16da500ee9cf5cf63fe0aabc5: 1: Syntax error: word unexpected (expecting \")\")
2023-12-05 12:31:15.096835,905e9308b965e63b1ae11085c1d9f5ddff7df283,VirusShare_1f06e9b22c46489e8784dffe70f31f99,/home/user/virus_test_eset/flask_server/virus/VirusShare_1f06e9b22c46489e8784dffe70f31f99: 14: Syntax error: EOF in backquote substitution
2023-12-05 12:31:51.854670,4125ea2967b000227038519c2b6fb92113eb6b10,VirusShare_1f5c2a78b11b3af74f8df9273a05f33d,/home/user/virus_test_eset/flask_server/virus/VirusShare_1f5c2a78b11b3af74f8df9273a05f33d: 1: Syntax error: word unexpected (expecting \")\")
2023-12-05 12:32:24.267609,4881a4c58e7f15cfcf6b351c47ddaaac4165c894,VirusShare_1f64b4f25e5ddd6b892eb68bc1677402,/home/user/virus_test_eset/flask_server/virus/VirusShare_1f64b4f25e5ddd6b892eb68bc1677402: 1: Syntax error: word unexpected (expecting \")\")
2023-12-05 12:32:59.198430,6ecce68101e3c8050bc60715533904aae1082873,VirusShare_1fd683f32c1565ec4a97b827630f2395,/home/user/virus_test_eset/flask_server/virus/VirusShare_1fd683f32c1565ec4a97b827630f2395: 1: Syntax error: word unexpected (expecting \")\")
2023-12-05 12:33:34.256086,93f829f260fd0cc5b7c73059c8f118d4f0f35214,VirusShare_1fe0d2e3bc4ceb43327a8be14e7a1180,/home/user/virus_test_eset/flask_server/virus/VirusShare_1fe0d2e3bc4ceb43327a8be14e7a1180: 1: Syntax error: word unexpected (expecting \")\")
2023-12-05 12:34:01.894795,683cd95310d7521948b771f14b52f2b3266fb8ba,VirusShare_1ff34b9ff7553043d5cacdf7296adb4a,/home/user/virus_test_eset/flask_server/virus/VirusShare_1ff34b9ff7553043d5cacdf7296adb4a: 1: Syntax error: word unexpected (expecting \")\")
2023-12-05 12:34:29.769870,fed02f2d34512d65e861b91cab0b7a3ae5a3cc33,VirusShare_1fff6db4b64318fd2d32298c12252867,/home/user/virus_test_eset/flask_server/virus/VirusShare_1fff6db4b64318fd2d32298c12252867: 1: Syntax error: word unexpected (expecting \")\")
2023-12-05 12:35:01.705608,72adc75f53da17af6f70831265e25d48cece20aa,VirusShare_2049c7e1e521c61db441042967350289,/home/user/virus_test_eset/flask_server/virus/VirusShare_2049c7e1e521c61db441042967350289: 1: Syntax error: word unexpected (expecting \")\")
2023-12-05 12:35:40.564369,84c7d311f2c9b8f33a1befe11d22f6f829c442f2,VirusShare_20f7ed9c3e6dda2a68fead2700927d74,
2023-12-05 12:36:14.413138,0e106ed247753fdaf2d093a0aa77d41408a3f5d2,VirusShare_22660b01742a52200aa1c37d7ebe6c10,/home/user/virus_test_eset/flask_server/virus/VirusShare_22660b01742a52200aa1c37d7ebe6c10: 1: Syntax error: \"(\" unexpected
2023-12-05 12:36:55.576817,f873ea89167f334dde117f341d3c00e590e22ba9,VirusShare_231765e624d80726b861fa7e62dc52da,
2023-12-05 12:37:34.989459,bf9c86240f1eb3e570143559901bb1e72cd524b8,VirusShare_2385f1e8e3d0ae86e74dbe7a30b4c4ab,/home/user/virus_test_eset/flask_server/virus/VirusShare_2385f1e8e3d0ae86e74dbe7a30b4c4ab: 1: Syntax error: word unexpected (expecting \")\")
2023-12-05 12:38:11.226000,b539fcb6ba445b488a0930a7cce241194fe01484,VirusShare_23980c5ffa2e130424d958a80cca419b,/home/user/virus_test_eset/flask_server/virus/VirusShare_23980c5ffa2e130424d958a80cca419b: 14: Syntax error: EOF in backquote substitution
2023-12-05 12:38:43.990364,5621ecc7b6b028a38ca943a03e215d1125a204db,VirusShare_240da0f91948a7db95a5fe5b982f56b8,/home/user/virus_test_eset/flask_server/virus/VirusShare_240da0f91948a7db95a5fe5b982f56b8: 1: Syntax error: word unexpected (expecting \")\")
2023-12-05 12:39:13.995951,7eb13b428d43e26d8000ad3ceb105d86cf2996ee,VirusShare_24e7d8489086128b16fc8b804f3013bd,/home/user/virus_test_eset/flask_server/virus/VirusShare_24e7d8489086128b16fc8b804f3013bd: 1: Syntax error: \"(\" unexpected
2023-12-05 12:39:46.533188,8204cb3110fc72bd0e68da37021e9d6c44902273,VirusShare_27fddfa47e7e06845365f1d888604487,/home/user/virus_test_eset/flask_server/virus/VirusShare_27fddfa47e7e06845365f1d888604487: 1: Syntax error: word unexpected (expecting \")\")
2023-12-05 12:40:21.282979,b2d6c435439b3896cc14ba3def3f98badbbbfb3d,VirusShare_28b1a4884d76db9193501200f0da869e,
2023-12-05 12:40:54.452052,197c260e26c8bfbe1140c5bae0ba599da224d76c,VirusShare_28cb64899b7f0eed12c71e262ea5ea7e,/home/user/virus_test_eset/flask_server/virus/VirusShare_28cb64899b7f0eed12c71e262ea5ea7e: 1: Syntax error: word unexpected (expecting \")\")
2023-12-05 12:41:34.674313,6407ea85e3d4b2e7b0a6638e98a71f4ece9ae63c,VirusShare_29093d395de2058174a1d2ba50aaaaf3,
2023-12-05 12:42:07.281732,414f5da8551bcc06d9e36907a3ad80948247f75b,VirusShare_2988f7a6853a6f56e176606af38a721d,/home/user/virus_test_eset/flask_server/virus/VirusShare_2988f7a6853a6f56e176606af38a721d: 1: Syntax error: word unexpected (expecting \")\")
2023-12-05 12:42:41.915177,0c57f15710df8ccaa685ceca5cf4ad12bf47fb5a,VirusShare_2a27f6595bf2321a4f9444b10986a42b,/home/user/virus_test_eset/flask_server/virus/VirusShare_2a27f6595bf2321a4f9444b10986a42b: 1: Syntax error: word unexpected (expecting \")\")
2023-12-05 12:43:16.776504,24d1644159a176f290ce6667c17cda8539ce47cb,VirusShare_2bc24a957eb40ba7a9e7d2aa728f4498,/home/user/virus_test_eset/flask_server/virus/VirusShare_2bc24a957eb40ba7a9e7d2aa728f4498: 1: Syntax error: word unexpected (expecting \")\")
2023-12-05 12:43:45.720356,282a18f5b8d774ed5a465fc0cf1d44dfb5b08c26,VirusShare_2f0532814f060d56050dde21003f67b4,VBoxManage: error: Waiting for guest process (flags 0x1) failed: Error VERR_NOT_IMPLEMENTED for guest process \"/home/user/virus_test_eset/flask_server/virus/VirusShare_2f0532814f060d56050dde21003f67b4\" occurred\
\
VBoxManage: error: Details: code VBOX_E_IPRT_ERROR (0x80bb0005)\, component GuestProcessWrap\, interface IGuestProcess\, callee nsISupports\
VBoxManage: error: Context: \"WaitForArray(ComSafeArrayAsInParam(aWaitStartFlags)\, gctlRunGetRemainingTime(msStart\, cMsTimeout)\, &waitResult)\" at line 1396 of file VBoxManageGuestCtrl.cpp
2023-12-05 12:44:18.202854,fbf72b7843e608a1840f2d300d17f80851342c7a,VirusShare_2f54c534a83666579b10dc57240127e6,/home/user/virus_test_eset/flask_server/virus/VirusShare_2f54c534a83666579b10dc57240127e6: 3: Syntax error: word unexpected (expecting \")\")
2023-12-05 12:44:50.566693,a306b94a20c84d31f40325d32902d48de67a4818,VirusShare_2f979b7ab6790f0636a92d66cabc3a51,/home/user/virus_test_eset/flask_server/virus/VirusShare_2f979b7ab6790f0636a92d66cabc3a51: 1: Syntax error: word unexpected (expecting \")\")
2023-12-05 12:45:23.736609,07d23da20b208665a4324e35041ffa03a5c2ae37,VirusShare_302b75bb069b25a22167499d38524049,
2023-12-05 12:45:51.353498,e0a8db2b57e78a035e7a19f91232ba44ce24434f,VirusShare_303992e45bfb71029b6029626d7c9d6d,/home/user/virus_test_eset/flask_server/virus/VirusShare_303992e45bfb71029b6029626d7c9d6d: 1: Syntax error: word unexpected (expecting \")\")
2023-12-05 12:46:34.239860,d0dfed495ec0b36bc06ada092478181eddc8eac8,VirusShare_3050cc2333da3257f921a898de22b868,/home/user/virus_test_eset/flask_server/virus/VirusShare_3050cc2333da3257f921a898de22b868: 1: Syntax error: word unexpected (expecting \")\")
